,Unnamed: 0,cluster,id,label,dices_tags,dices_speech_id,text,speaker,addressee
43,43,54,1336,"Homer, Iliad 2.60-2.70",com|mes,40,"θωρῆξαί σε κέλευσε κάρη κομόωντας Ἀχαιοὺς πανσυδίῃ· νῦν γάρ κεν ἕλοις πόλιν εὐρυάγυιαν Τρώων· οὐ γὰρ ἔτʼ ἀμφὶς Ὀλύμπια δώματʼ ἔχοντες ἀθάνατοι φράζονται· ἐπέγναμψεν γὰρ ἅπαντας Ἥρη λισσομένη, Τρώεσσι δὲ κήδεʼ ἐφῆπται ",dream,Agamemnon
44,44,54,1338,"Homer, Iliad 2.23-2.34",com|mes,38,"θωρῆξαί σε κέλευσε κάρη κομόωντας Ἀχαιοὺς πανσυδίῃ· νῦν γάρ κεν ἕλοις πόλιν εὐρυάγυιαν Τρώων· οὐ γὰρ ἔτʼ ἀμφὶς Ὀλύμπια δώματʼ ἔχοντες ἀθάνατοι φράζονται· ἐπέγναμψεν γὰρ ἅπαντας Ἥρη λισσομένη, Τρώεσσι δὲ κήδεʼ ἐφῆπται ",dream,Agamemnon
45,45,54,1363,"Homer, Iliad 2.8-2.15",com|ins,37,"θωρῆξαί ἑ κέλευε κάρη κομόωντας Ἀχαιοὺς πανσυδίῃ· νῦν γάρ κεν ἕλοι πόλιν εὐρυάγυιαν Τρώων· οὐ γὰρ ἔτʼ ἀμφὶς Ὀλύμπια δώματʼ ἔχοντες ἀθάνατοι φράζονται· ἐπέγναμψεν γὰρ ἅπαντας Ἥρη λισσομένη, Τρώεσσι δὲ κήδεʼ ἐφῆπται.",Zeus,dream
46,46,54,1367,"Homer, Iliad 2.56-2.75",del|inf|nar,39,"θωρῆξαί σε κέλευσε κάρη κομόωντας Ἀχαιοὺς πανσυδίῃ· νῦν γάρ κεν ἕλοις πόλιν εὐρυάγυιαν Τρώων· οὐ γὰρ ἔτʼ ἀμφὶς Ὀλύμπια δώματʼ ἔχοντες ἀθάνατοι φράζονται· ἐπέγναμψεν γὰρ ἅπαντας Ἥρη λισσομένη, Τρώεσσι δὲ κήδεʼ ἐφῆπται ",Agamemnon,leaders of the Greeks (Greek soldiers)
51,51,95,124,"Homer, Iliad 24.171-24.187",con|inf|mes,661,"Διὸς δέ τοι ἄγγελός εἰμι, ὅς σευ ἄνευθεν ἐὼν μέγα κήδεται ἠδʼ ἐλεαίρει. λύσασθαί σʼ ",Iris,Priam
52,52,95,1336,"Homer, Iliad 2.60-2.70",com|mes,40,"Διὸς δέ τοι ἄγγελός εἰμι, ὃς σεῦ ἄνευθεν ἐὼν μέγα κήδεται ἠδʼ ἐλεαίρει· θωρῆξαί σε ",dream,Agamemnon
53,53,95,1338,"Homer, Iliad 2.23-2.34",com|mes,38,"Διὸς δέ τοι ἄγγελός εἰμι, ὃς σεῦ ἄνευθεν ἐὼν μέγα κήδεται ἠδʼ ἐλεαίρει. θωρῆξαί σε ",dream,Agamemnon
54,54,95,1367,"Homer, Iliad 2.56-2.75",del|inf|nar,39,"Διὸς δέ τοι ἄγγελός εἰμι, ὃς σεῦ ἄνευθεν ἐὼν μέγα κήδεται ἠδʼ ἐλεαίρει· θωρῆξαί σε ",Agamemnon,leaders of the Greeks (Greek soldiers)
59,59,180,885,"Homer, Iliad 3.456-3.460",com,84,"κέκλυτέ μευ Τρῶες καὶ Δάρδανοι ἠδʼ ἐπίκουροι· νίκη μὲν δὴ φαίνετʼ ἀρηϊφίλου Μενελάου, ὑμεῖς δʼ Ἀργείην Ἑλένην καὶ κτήμαθʼ ἅμʼ αὐτῇ ",Agamemnon,"Greeks, Trojans"
60,60,180,1091,"Homer, Iliad 7.67-7.91",del,182,κέκλυτέ μευ Τρῶες καὶ ἐϋκνήμιδες Ἀχαιοὶ ὄφρʼ εἴπω τά με θυμὸς ἐνὶ στήθεσσι κελεύει. ὅρκια μὲν ,Hector,"Greeks, Trojans"
61,61,180,1120,"Homer, Iliad 7.348-7.353",del|per,198,"κέκλυτέ μευ Τρῶες καὶ Δάρδανοι ἠδʼ ἐπίκουροι, ὄφρʼ εἴπω τά με θυμὸς ἐνὶ στήθεσσι κελεύει. δεῦτʼ ἄγετʼ Ἀργείην Ἑλένην καὶ κτήμαθʼ ἅμʼ αὐτῇ ",Antenor,Trojans
62,62,180,1125,"Homer, Iliad 7.368-7.378",del|per,200,"κέκλυτέ μευ Τρῶες καὶ Δάρδανοι ἠδʼ ἐπίκουροι, ὄφρʼ εἴπω τά με θυμὸς ἐνὶ στήθεσσι κελεύει. νῦν μὲν ",Priam,Trojans
71,71,296,138,"Homer, Iliad 11.286-11.290",del|exh,296,"Τρῶες καὶ Λύκιοι καὶ Δάρδανοι ἀγχιμαχηταὶ ἀνέρες ἔστε φίλοι, μνήσασθε δὲ θούριδος ἀλκῆς. ",Hector,Trojans
72,72,296,368,"Homer, Iliad 15.486-15.499",del|exh,412,"Τρῶες καὶ Λύκιοι καὶ Δάρδανοι ἀγχιμαχηταὶ ἀνέρες ἔστε φίλοι, μνήσασθε δὲ θούριδος ἀλκῆς ",Hector,Trojans
73,73,296,652,"Homer, Iliad 17.184-17.187",exh|tau,454,"Τρῶες καὶ Λύκιοι καὶ Δάρδανοι ἀγχιμαχηταί, ἀνέρες ἔστε φίλοι, μνήσασθε δὲ θούριδος ἀλκῆς, ",Hector,Trojans
74,74,296,1153,"Homer, Iliad 8.173-8.183",exh,216,"Τρῶες καὶ Λύκιοι καὶ Δάρδανοι ἀγχιμαχηταὶ ἀνέρες ἔστε φίλοι, μνήσασθε δὲ θούριδος ἀλκῆς. ",Hector,Trojans
83,83,7,175,"Homer, Iliad 11.656-11.803",del|nar|per|que,314,"αἴ κέ σε τῷ εἴσκοντες ἀπόσχωνται πολέμοιο Τρῶες, ἀναπνεύσωσι δʼ ἀρήϊοι υἷες Ἀχαιῶν τειρόμενοι· ὀλίγη δέ τʼ ἀνάπνευσις πολέμοιο. ",Nestor,Patroclus
84,84,7,613,"Homer, Iliad 16.21-16.45",inf|lam|res,421,"αἴ κʼ ἐμὲ σοὶ ἴσκοντες ἀπόσχωνται πολέμοιο Τρῶες, ἀναπνεύσωσι δʼ Ἀρήϊοι υἷες Ἀχαιῶν τειρόμενοι· ὀλίγη δέ τʼ ἀνάπνευσις πολέμοιο. ",Patroclus,Achilles
85,85,7,691,"Homer, Iliad 18.197-18.201",res,493,"αἴ κέ σʼ ὑποδείσαντες ἀπόσχωνται πολέμοιο Τρῶες, ἀναπνεύσωσι δʼ ἀρήϊοι υἷες Ἀχαιῶν τειρόμενοι· ὀλίγη δέ τʼ ἀνάπνευσις πολέμοιο.",Iris,Achilles
86,86,11,99,"Homer, Iliad 10.378-10.381",per|req,277,"χαλκός τε χρυσός τε πολύκμητός τε σίδηρος, τῶν κʼ ὔμμιν χαρίσαιτο πατὴρ ἀπερείσιʼ ἄποινα εἴ κεν ἐμὲ ζωὸν πεπύθοιτʼ ἐπὶ νηυσὶν Ἀχαιῶν.",Dolon,Diomedes
87,87,11,126,"Homer, Iliad 11.131-11.135",del|per|req,291,"ζώγρει Ἀτρέος υἱέ, σὺ δʼ ἄξια δέξαι ἄποινα· πολλὰ δʼ ἐν Ἀντιμάχοιο δόμοις κειμήλια κεῖται χαλκός τε χρυσός τε πολύκμητός τε σίδηρος, τῶν κέν τοι χαρίσαιτο πατὴρ ἀπερείσιʼ ἄποινα, εἰ νῶϊ ζωοὺς πεπύθοιτʼ ἐπὶ νηυσὶν Ἀχαιῶν.","Hippolochus, Peisander",Agamemnon
88,88,11,1025,"Homer, Iliad 6.46-6.50",per,152,"ζώγρει Ἀτρέος υἱέ, σὺ δʼ ἄξια δέξαι ἄποινα· πολλὰ δʼ ἐν ἀφνειοῦ πατρὸς κειμήλια κεῖται χαλκός τε χρυσός τε πολύκμητός τε σίδηρος, τῶν κέν τοι χαρίσαιτο πατὴρ ἀπερείσιʼ ἄποινα εἴ κεν ἐμὲ ζωὸν πεπύθοιτʼ ἐπὶ νηυσὶν Ἀχαιῶν.",Adrastus,Menelaus
98,98,86,116,"Homer, Iliad 24.104-24.119",del|mes,657,"Πριάμῳ μεγαλήτορι Ἶριν ἐφήσω λύσασθαι φίλον υἱὸν ἰόντʼ ἐπὶ νῆας Ἀχαιῶν, δῶρα δʼ Ἀχιλλῆϊ φερέμεν, τά κε θυμὸν ἰήνῃ.",Zeus,Thetis
99,99,86,122,"Homer, Iliad 24.144-24.158",com|ins,660,"Πριάμῳ μεγαλήτορι Ἴλιον εἴσω λύσασθαι φίλον υἱὸν ἰόντʼ ἐπὶ νῆας Ἀχαιῶν, δῶρα δʼ Ἀχιλλῆϊ φερέμεν τά κε θυμὸν ἰήνῃ ",Zeus,Iris
100,100,86,125,"Homer, Iliad 24.194-24.199",inf|que,662,"λύσασθαι φίλον υἱὸν ἰόντʼ ἐπὶ νῆας Ἀχαιῶν, δῶρα δʼ Ἀχιλλῆϊ φερέμεν τά κε θυμὸν ἰήνῃ. ",Priam,Hecuba
101,101,88,1031,"Homer, Iliad 6.77-6.101",com|del,155,"δυοκαίδεκα βοῦς ἐνὶ νηῷ ἤνις ἠκέστας ἱερευσέμεν, αἴ κʼ ἐλεήσῃ ἄστύ τε καὶ Τρώων ἀλόχους καὶ νήπια τέκνα, ",Helenus,Hector
102,102,88,1045,"Homer, Iliad 6.264-6.285",del|res,162,"δυοκαίδεκα βοῦς ἐνὶ νηῷ ἤνις ἠκέστας ἱερευσέμεν, αἴ κʼ ἐλεήσῃ ἄστύ τε καὶ Τρώων ἀλόχους καὶ νήπια τέκνα, ",Hector,Hecuba
103,103,88,1048,"Homer, Iliad 6.305-6.310",pra|req,163,"δυοκαίδεκα βοῦς ἐνὶ νηῷ ἤνις ἠκέστας ἱερεύσομεν, αἴ κʼ ἐλεήσῃς ἄστύ τε καὶ Τρώων ἀλόχους καὶ νήπια τέκνα.",Theano,Athena
104,104,93,1336,"Homer, Iliad 2.60-2.70",com|mes,40,"εὕδεις Ἀτρέος υἱὲ δαΐφρονος ἱπποδάμοιο· οὐ χρὴ παννύχιον εὕδειν βουληφόρον ἄνδρα, ᾧ λαοί τʼ ἐπιτετράφαται καὶ τόσσα μέμηλε· νῦν δʼ ἐμέθεν ξύνες ὦκα· Διὸς δέ τοι ἄγγελός εἰμι, ὃς σεῦ ἄνευθεν ἐὼν μέγα κήδεται ἠδʼ ἐλεαίρει· θωρῆξαί σε κέλευσε κάρη κομόωντας Ἀχαιοὺς πανσυδίῃ· νῦν γάρ κεν ἕλοις πόλιν εὐρυάγυιαν Τρώων· οὐ γὰρ ἔτʼ ἀμφὶς Ὀλύμπια δώματʼ ἔχοντες ἀθάνατοι φράζονται· ἐπέγναμψεν γὰρ ἅπαντας Ἥρη λισσομένη, Τρώεσσι δὲ κήδεʼ ἐφῆπται ἐκ Διός· ἀλλὰ σὺ σῇσιν ἔχε φρεσίν· ὣς ὃ μὲν εἰπὼν",dream,Agamemnon
105,105,93,1338,"Homer, Iliad 2.23-2.34",com|mes,38,"εὕδεις Ἀτρέος υἱὲ δαΐφρονος ἱπποδάμοιο· οὐ χρὴ παννύχιον εὕδειν βουληφόρον ἄνδρα ᾧ λαοί τʼ ἐπιτετράφαται καὶ τόσσα μέμηλε· νῦν δʼ ἐμέθεν ξύνες ὦκα· Διὸς δέ τοι ἄγγελός εἰμι, ὃς σεῦ ἄνευθεν ἐὼν μέγα κήδεται ἠδʼ ἐλεαίρει. θωρῆξαί σε κέλευσε κάρη κομόωντας Ἀχαιοὺς πανσυδίῃ· νῦν γάρ κεν ἕλοις πόλιν εὐρυάγυιαν Τρώων· οὐ γὰρ ἔτʼ ἀμφὶς Ὀλύμπια δώματʼ ἔχοντες ἀθάνατοι φράζονται· ἐπέγναμψεν γὰρ ἅπαντας Ἥρη λισσομένη, Τρώεσσι δὲ κήδεʼ ἐφῆπται ἐκ Διός· ἀλλὰ σὺ σῇσιν ἔχε ",dream,Agamemnon
106,106,93,1367,"Homer, Iliad 2.56-2.75",del|inf|nar,39,"εὕδεις Ἀτρέος υἱὲ δαΐφρονος ἱπποδάμοιο· οὐ χρὴ παννύχιον εὕδειν βουληφόρον ἄνδρα, ᾧ λαοί τʼ ἐπιτετράφαται καὶ τόσσα μέμηλε· νῦν δʼ ἐμέθεν ξύνες ὦκα· Διὸς δέ τοι ἄγγελός εἰμι, ὃς σεῦ ἄνευθεν ἐὼν μέγα κήδεται ἠδʼ ἐλεαίρει· θωρῆξαί σε κέλευσε κάρη κομόωντας Ἀχαιοὺς πανσυδίῃ· νῦν γάρ κεν ἕλοις πόλιν εὐρυάγυιαν Τρώων· οὐ γὰρ ἔτʼ ἀμφὶς Ὀλύμπια δώματʼ ἔχοντες ἀθάνατοι φράζονται· ἐπέγναμψεν γὰρ ἅπαντας Ἥρη λισσομένη, Τρώεσσι δὲ κήδεʼ ἐφῆπται ἐκ Διός· ἀλλὰ σὺ σῇσιν ἔχε φρεσίν· ὣς ὃ μὲν εἰπὼν ",Agamemnon,leaders of the Greeks (Greek soldiers)
119,119,136,707,"Homer, Iliad 19.78-19.144",del|exh|nar,509,"κέκλυτέ μευ πάντές τε θεοὶ πᾶσαί τε θέαιναι, ὄφρʼ εἴπω τά με θυμὸς ἐνὶ στήθεσσιν ἀνώγει. ",Agamemnon,Greeks
120,120,136,708,"Homer, Iliad 19.101-19.105",ora,510,"κέκλυτέ μευ πάντές τε θεοὶ πᾶσαί τε θέαιναι, ὄφρʼ εἴπω τά με θυμὸς ἐνὶ στήθεσσιν ἀνώγει. ",Zeus,Hera
121,121,136,1136,"Homer, Iliad 8.5-8.27",cha|del|lau|tau,206,"κέκλυτέ μευ πάντές τε θεοὶ πᾶσαί τε θέαιναι, ὄφρʼ εἴπω τά με θυμὸς ἐνὶ στήθεσσι κελεύει. ",Zeus,gods
122,122,144,831,"Homer, Iliad 3.59-3.75",del|des,58,"ἄλλους μὲν κάθισον Τρῶας καὶ πάντας Ἀχαιούς, αὐτὰρ ἔμʼ ἐν μέσσῳ καὶ ἀρηΐφιλον Μενέλαον συμβάλετʼ ἀμφʼ Ἑλένῃ καὶ κτήμασι πᾶσι μάχεσθαι· ὁππότερος δέ κε νικήσῃ κρείσσων τε γένηται, κτήμαθʼ ἑλὼν εὖ πάντα γυναῖκά τε οἴκαδʼ ἀγέσθω· οἳ δʼ ἄλλοι φιλότητα καὶ ὅρκια πιστὰ ταμόντες ναίοιτε Τροίην ἐριβώλακα, τοὶ δὲ νεέσθων Ἄργος ἐς ἱππόβοτον καὶ Ἀχαιΐδα καλλιγύναικα.",Paris,Hector
123,123,144,837,"Homer, Iliad 3.86-3.94",del,60,"ἄλλους μὲν κέλεται Τρῶας καὶ πάντας Ἀχαιοὺς τεύχεα κάλʼ ἀποθέσθαι ἐπὶ χθονὶ πουλυβοτείρῃ, αὐτὸν δʼ ἐν μέσσῳ καὶ ἀρηΐφιλον Μενέλαον οἴους ἀμφʼ Ἑλένῃ καὶ κτήμασι πᾶσι μάχεσθαι. ὁππότερος δέ κε νικήσῃ κρείσσων τε γένηται κτήμαθʼ ἑλὼν εὖ πάντα γυναῖκά τε οἴκαδʼ ἀγέσθω· οἳ δʼ ἄλλοι φιλότητα καὶ ὅρκια πιστὰ ",Hector,"Greeks, Trojans"
124,124,144,861,"Homer, Iliad 3.250-3.258",inf,72,"αὐτὰρ Ἀλέξανδρος καὶ ἀρηΐφιλος Μενέλαος μακρῇς ἐγχείῃσι μαχήσοντʼ ἀμφὶ γυναικί· τῷ δέ κε νικήσαντι γυνὴ καὶ κτήμαθʼ ἕποιτο· οἳ δʼ ἄλλοι φιλότητα καὶ ὅρκια πιστὰ ταμόντες ναίοιμεν Τροίην ἐριβώλακα, τοὶ δὲ νέονται Ἄργος ἐς ἱππόβοτον καὶ Ἀχαιΐδα καλλιγύναικα.",Idaeus,Priam
128,128,181,1116,"Homer, Iliad 7.288-7.302",del|per,195,"ὕστερον αὖτε μαχησόμεθʼ εἰς ὅ κε δαίμων ἄμμε διακρίνῃ, δώῃ δʼ ἑτέροισί γε νίκην. ",Hector,Aias (son of Telamon)
129,129,181,1125,"Homer, Iliad 7.368-7.378",del|per,200,"ὕστερον αὖτε μαχησόμεθʼ εἰς ὅ κε δαίμων ἄμμε διακρίνῃ, δώῃ δʼ ἑτέροισί γε νίκην.",Priam,Trojans
130,130,181,1127,"Homer, Iliad 7.385-7.397",mes|per,201,"ὕστερον αὖτε μαχησόμεθʼ εἰς ὅ κε δαίμων ἄμμε διακρίνῃ, δώῃ δʼ ἑτέροισί γε νίκην.",Idaeus,Greeks
149,149,302,129,"Homer, Iliad 11.186-11.194",com,293,κτείνειν εἰς ὅ κε νῆας ἐϋσσέλμους ἀφίκηται δύῃ τʼ ἠέλιος καὶ ἐπὶ κνέφας ἱερὸν ,Zeus,Iris
150,150,302,131,"Homer, Iliad 11.200-11.209",mes,294,"κτείνειν, εἰς ὅ κε νῆας ἐϋσσέλμους ἀφίκηαι δύῃ τʼ ἠέλιος καὶ ἐπὶ κνέφας ἱερὸν ",Iris,Hector
151,151,302,661,"Homer, Iliad 17.443-17.455",lam,463,"κτείνειν, εἰς ὅ κε νῆας ἐϋσσέλμους ἀφίκωνται δύῃ τʼ ἠέλιος καὶ ἐπὶ κνέφας ἱερὸν ",Zeus,horses
164,164,470,625,"Homer, Iliad 16.440-16.457",del|per|war,430,αἰνότατε Κρονίδη ποῖον τὸν μῦθον ἔειπες. ἄνδρα θνητὸν ἐόντα πάλαι πεπρωμένον αἴσῃ ἂψ ἐθέλεις θανάτοιο δυσηχέος ἐξαναλῦσαι; ἔρδʼ· ἀτὰρ οὔ τοι πάντες ἐπαινέομεν θεοὶ ἄλλοι. ,Hera,Zeus
165,165,470,790,"Homer, Iliad 22.178-22.181",que|war,586,ἔειπες· ἄνδρα θνητὸν ἐόντα πάλαι πεπρωμένον αἴσῃ ἂψ ἐθέλεις θανάτοιο δυσηχέος ἐξαναλῦσαι; ἔρδʼ· ἀτὰρ οὔ τοι πάντες ἐπαινέομεν θεοὶ ἄλλοι.,Athena,Zeus
166,166,470,888,"Homer, Iliad 4.25-4.29",del|tau|war,86,"αἰνότατε Κρονίδη ποῖον τὸν μῦθον ἔειπες· πῶς ἐθέλεις ἅλιον θεῖναι πόνον ἠδʼ ἀτέλεστον, ἱδρῶ θʼ ὃν ἵδρωσα μόγῳ, καμέτην δέ μοι ἵπποι λαὸν ἀγειρούσῃ, Πριάμῳ κακὰ τοῖό τε παισίν. ἕρδʼ· ἀτὰρ οὔ τοι πάντες ἐπαινέομεν θεοὶ ἄλλοι.",Hera,Zeus
179,179,0,12,"Homer, Iliad 8.462-8.468",del|res,229,"Κρονίδη ποῖον τὸν μῦθον ἔειπες. εὖ νυ καὶ ἡμεῖς ἴδμεν ὅ τοι σθένος οὐκ ἀλαπαδνόν· ἀλλʼ ἔμπης Δαναῶν ὀλοφυρόμεθʼ αἰχμητάων, οἵ κεν δὴ κακὸν οἶτον ἀναπλήσαντες ὄλωνται. ἀλλʼ ἤτοι πολέμου μὲν ἀφεξόμεθʼ, εἰ σὺ κελεύεις· βουλὴν δʼ Ἀργείοις ὑποθησόμεθʼ ἥ τις ὀνήσει, ὡς μὴ πάντες ὄλωνται ὀδυσσαμένοιο τεοῖο.",Hera,Zeus
180,180,0,1137,"Homer, Iliad 8.31-8.37",del,207,"Κρονίδη ὕπατε κρειόντων εὖ νυ καὶ ἡμεῖς ἴδμεν ὅ τοι σθένος οὐκ ἐπιεικτόν· ἀλλʼ ἔμπης Δαναῶν ὀλοφυρόμεθʼ αἰχμητάων, οἵ κεν δὴ κακὸν οἶτον ἀναπλήσαντες ὄλωνται. ἀλλʼ ἤτοι πολέμου μὲν ἀφεξόμεθʼ ὡς σὺ κελεύεις· βουλὴν δʼ Ἀργείοις ὑποθησόμεθʼ ἥ τις ὀνήσει, ὡς μὴ πάντες ὄλωνται ὀδυσσαμένοιο τεοῖο.",Athena,Zeus
183,183,4,175,"Homer, Iliad 11.656-11.803",del|nar|per|que,314,"ἐστιν ἑταίρου. εἰ δέ τινα φρεσὶν ᾗσι θεοπροπίην ἀλεείνει καί τινά οἱ πὰρ Ζηνὸς ἐπέφραδε πότνια μήτηρ, ἀλλὰ σέ περ προέτω, ἅμα δʼ ἄλλος λαὸς ἑπέσθω Μυρμιδόνων, αἴ κέν τι φόως Δαναοῖσι γένηαι· καί τοι τεύχεα καλὰ δότω πόλεμον δὲ φέρεσθαι, αἴ κέ σε τῷ εἴσκοντες ἀπόσχωνται πολέμοιο Τρῶες, ἀναπνεύσωσι δʼ ἀρήϊοι υἷες Ἀχαιῶν τειρόμενοι· ὀλίγη δέ τʼ ἀνάπνευσις πολέμοιο. ῥεῖα δέ κʼ ἀκμῆτες κεκμηότας ἄνδρας ἀϋτῇ ὤσαισθε προτὶ ἄστυ νεῶν ἄπο καὶ κλισιάων.",Nestor,Patroclus
184,184,4,613,"Homer, Iliad 16.21-16.45",inf|lam|res,421,"ἐστὶν ἀπηνής. εἰ δέ τινα φρεσὶ σῇσι θεοπροπίην ἀλεείνεις καί τινά τοι πὰρ Ζηνὸς ἐπέφραδε πότνια μήτηρ, ἀλλʼ ἐμέ περ πρόες ὦχʼ, ἃμα δʼ ἄλλον λαὸν ὄπασσον Μυρμιδόνων, ἤν πού τι φόως Δαναοῖσι γένωμαι. δὸς δέ μοι ὤμοιιν τὰ σὰ τεύχεα θωρηχθῆναι, αἴ κʼ ἐμὲ σοὶ ἴσκοντες ἀπόσχωνται πολέμοιο Τρῶες, ἀναπνεύσωσι δʼ Ἀρήϊοι υἷες Ἀχαιῶν τειρόμενοι· ὀλίγη δέ τʼ ἀνάπνευσις πολέμοιο. ῥεῖα δέ κʼ ἀκμῆτες κεκμηότας ἄνδρας ἀϋτῇ ὤσαιμεν προτὶ ἄστυ νεῶν ἄπο καὶ κλισιάων.",Patroclus,Achilles
185,185,5,175,"Homer, Iliad 11.656-11.803",del|nar|per|que,314,"τέκνον ἐμὸν γενεῇ μὲν ὑπέρτερός ἐστιν Ἀχιλλεύς, πρεσβύτερος δὲ σύ ἐσσι· βίῃ δʼ ὅ γε πολλὸν ἀμείνων. ἀλλʼ εὖ οἱ φάσθαι πυκινὸν ἔπος ἠδʼ ὑποθέσθαι καί οἱ σημαίνειν· ὃ δὲ πείσεται εἰς ἀγαθόν περ. ",Nestor,Patroclus
186,186,5,177,"Homer, Iliad 11.786-11.789",del|ins,315,"τέκνον ἐμὸν γενεῇ μὲν ὑπέρτερός ἐστιν Ἀχιλλεύς, πρεσβύτερος δὲ σύ ἐσσι· βίῃ δʼ ὅ γε πολλὸν ἀμείνων. ἀλλʼ εὖ οἱ φάσθαι πυκινὸν ἔπος ἠδʼ ὑποθέσθαι καί οἱ σημαίνειν· ὃ δὲ πείσεται εἰς ἀγαθόν περ.",Menoetius,Patroclus
187,187,6,175,"Homer, Iliad 11.656-11.803",del|nar|per|que,314,"ἄριστοι ἐν νηυσὶν κέαται βεβλημένοι οὐτάμενοί τε. βέβληται μὲν ὃ Τυδεΐδης κρατερὸς Διομήδης, οὔτασται δʼ Ὀδυσεὺς δουρὶ κλυτὸς ἠδʼ Ἀγαμέμνων· βέβληται δὲ καὶ Εὐρύπυλος κατὰ μηρὸν ὀϊστῷ· ",Nestor,Patroclus
188,188,6,613,"Homer, Iliad 16.21-16.45",inf|lam|res,421,"ἄριστοι, ἐν νηυσὶν κέαται βεβλημένοι οὐτάμενοί τε. βέβληται μὲν ὃ Τυδεΐδης κρατερὸς Διομήδης, οὔτασται δʼ Ὀδυσεὺς δουρικλυτὸς ἠδʼ Ἀγαμέμνων, βέβληται δὲ καὶ Εὐρύπυλος κατὰ μηρὸν ὀϊστῷ. ",Patroclus,Achilles
189,189,8,30,"Homer, Iliad 9.225-9.306",del|gre|inf|nar|per,240,ὦ πέπον ἦ μὲν σοί γε πατὴρ ἐπετέλλετο Πηλεὺς ἤματι τῷ ὅτε σʼ ἐκ Φθίης Ἀγαμέμνονι ,Odysseus,Achilles
190,190,8,175,"Homer, Iliad 11.656-11.803",del|nar|per|que,314,ὦ πέπον ἦ μὲν σοί γε Μενοίτιος ὧδʼ ἐπέτελλεν ἤματι τῷ ὅτε σʼ ἐκ Φθίης Ἀγαμέμνονι ,Nestor,Patroclus
191,191,9,175,"Homer, Iliad 11.656-11.803",del|nar|per|que,314,τίς δʼ οἶδʼ εἴ κέν οἱ σὺν δαίμονι θυμὸν ὀρίναις παρειπών; ἀγαθὴ δὲ παραίφασίς ἐστιν ἑταίρου. ,Nestor,Patroclus
192,192,9,356,"Homer, Iliad 15.399-15.404",del,407,τίς δʼ οἶδʼ εἴ κέν οἱ σὺν δαίμονι θυμὸν ὀρίνω παρειπών; ἀγαθὴ δὲ παραίφασίς ἐστιν ἑταίρου.,Patroclus,Eurypylus
193,193,10,30,"Homer, Iliad 9.225-9.306",del|gre|inf|nar|per,240,"ὣς ἐπέτελλʼ ὃ γέρων, σὺ δὲ λήθεαι· ἀλλʼ ἔτι καὶ νῦν παύεʼ, ",Odysseus,Achilles
194,194,10,175,"Homer, Iliad 11.656-11.803",del|nar|per|que,314,"ὣς ἐπέτελλʼ ὃ γέρων, σὺ δὲ λήθεαι· ἀλλʼ ἔτι καὶ νῦν ταῦτʼ ",Nestor,Patroclus
201,201,15,199,"Homer, Iliad 1.37-1.42",pra|req,3,"κλῦθί μευ ἀργυρότοξʼ, ὃς Χρύσην ἀμφιβέβηκας Κίλλάν τε ζαθέην Τενέδοιό τε ἶφι ",Chryses,Apollo
202,202,15,1339,"Homer, Iliad 1.451-1.456",pra|req,27,"κλῦθί μευ ἀργυρότοξʼ, ὃς Χρύσην ἀμφιβέβηκας Κίλλαν τε ζαθέην Τενέδοιό τε ἶφι ",Chryses,Apollo
203,203,16,614,"Homer, Iliad 16.49-16.100",com|del|ins,422,"κούρην ἣν ἄρα μοι γέρας ἔξελον υἷες Ἀχαιῶν, δουρὶ δʼ ἐμῷ κτεάτισσα πόλιν εὐτείχεα πέρσας, τὴν ἂψ ἐκ χειρῶν ἕλετο κρείων Ἀγαμέμνων ",Achilles,Patroclus
204,204,16,701,"Homer, Iliad 18.429-18.461",nar|req,503,"κούρην ἣν ἄρα οἱ γέρας ἔξελον υἷες Ἀχαιῶν, τὴν ἂψ ἐκ χειρῶν ἕλετο κρείων Ἀγαμέμνων. ",Thetis,Hephaestus
205,205,17,201,"Homer, Iliad 12.310-12.328",del|exh,324,"οὐ μὰν ἀκλεέες Λυκίην κάτα κοιρανέουσιν ἡμέτεροι βασιλῆες, ἔδουσί τε πίονα μῆλα οἶνόν τʼ ἔξαιτον μελιηδέα· ἀλλʼ ἄρα καὶ ἲς ἐσθλή, ἐπεὶ Λυκίοισι μέτα πρώτοισι μάχονται. ",Sarpedon,Glaucus (Lycian)
206,206,17,202,"Homer, Iliad 12.318-12.321",inf,325,"οὐ μὰν ἀκλεέες Λυκίην κάτα κοιρανέουσιν ἡμέτεροι βασιλῆες, ἔδουσί τε πίονα μῆλα οἶνόν τʼ ἔξαιτον μελιηδέα· ἀλλʼ ἄρα καὶ ἲς ἐσθλή, ἐπεὶ Λυκίοισι μέτα πρώτοισι μάχονται.",someone,someone
209,209,19,621,"Homer, Iliad 16.269-16.274",del|exh,427,"γνῷ δὲ καὶ Ἀτρεΐδης εὐρὺ κρείων Ἀγαμέμνων ἣν ἄτην, ὅ τʼ ἄριστον Ἀχαιῶν οὐδὲν ἔτισεν.",Patroclus,Myrmidons
210,210,19,1341,"Homer, Iliad 1.365-1.412",lam|nar|req,24,γνῷ δὲ καὶ Ἀτρεΐδης εὐρὺ κρείων Ἀγαμέμνων ἣν ἄτην ὅ τʼ ἄριστον Ἀχαιῶν οὐδὲν ἔτισεν.,Achilles,Thetis
213,213,21,34,"Homer, Iliad 9.308-9.429",del|des|lau|nar|req,242,ἐπεὶ οὐκ ἄρα τις χάρις ἦεν μάρνασθαι δηΐοισιν ἐπʼ ἀνδράσι νωλεμὲς αἰεί. ,Achilles,Odysseus
214,214,21,650,"Homer, Iliad 17.142-17.168",cha|del|tau,452,ἐπεὶ οὐκ ἄρα τις χάρις ἦεν μάρνασθαι δηΐοισιν ἐπʼ ἀνδράσι νωλεμὲς αἰεί. ,Glaucus (Lycian),Hector
221,221,25,697,"Homer, Iliad 18.385-18.387",que,499,τίπτε Θέτι τανύπεπλε ἱκάνεις ἡμέτερον δῶ αἰδοίη τε φίλη τε; πάρος γε μὲν οὔ τι θαμίζεις. ,Charis,Thetis
222,222,25,700,"Homer, Iliad 18.424-18.427",que,502,τίπτε Θέτι τανύπεπλε ἱκάνεις ἡμέτερον δῶ αἰδοίη τε φίλη τε; πάρος γε μὲν οὔ τι θαμίζεις. ,Hephaestus,Thetis
227,227,28,16,"Homer, Iliad 9.17-9.28",del|ora,232,"ὦ φίλοι Ἀργείων ἡγήτορες ἠδὲ μέδοντες Ζεύς με μέγα Κρονίδης ἄτῃ ἐνέδησε βαρείῃ σχέτλιος, ὃς τότε μέν μοι ὑπέσχετο καὶ κατένευσεν Ἴλιον ἐκπέρσαντʼ εὐτείχεον ἀπονέεσθαι, νῦν δὲ κακὴν ἀπάτην βουλεύσατο, καί με κελεύει δυσκλέα Ἄργος ἱκέσθαι, ἐπεὶ πολὺν ὤλεσα λαόν. οὕτω που Διὶ μέλλει ὑπερμενέϊ φίλον εἶναι, ὃς δὴ πολλάων πολίων κατέλυσε κάρηνα ἠδʼ ἔτι καὶ λύσει· τοῦ γὰρ κράτος ἐστὶ μέγιστον. ",Agamemnon,Greeks
228,228,28,1352,"Homer, Iliad 2.110-2.141",del|nar,42,"ὦ φίλοι ἥρωες Δαναοὶ θεράποντες Ἄρηος Ζεύς με μέγα Κρονίδης ἄτῃ ἐνέδησε βαρείῃ, σχέτλιος, ὃς πρὶν μέν μοι ὑπέσχετο καὶ κατένευσεν Ἴλιον ἐκπέρσαντʼ εὐτείχεον ἀπονέεσθαι, νῦν δὲ κακὴν ἀπάτην βουλεύσατο, καί με κελεύει δυσκλέα Ἄργος ἱκέσθαι, ἐπεὶ πολὺν ὤλεσα λαόν. οὕτω που Διὶ μέλλει ὑπερμενέϊ φίλον εἶναι, ὃς δὴ πολλάων πολίων κατέλυσε κάρηνα ἠδʼ ἔτι καὶ λύσει· τοῦ γὰρ κράτος ἐστὶ μέγιστον. ",Agamemnon,Greeks
229,229,29,16,"Homer, Iliad 9.17-9.28",del|ora,232,ἀλλʼ ἄγεθʼ ὡς ἂν ἐγὼ εἴπω πειθώμεθα πάντες· φεύγωμεν σὺν νηυσὶ φίλην ἐς πατρίδα γαῖαν· οὐ γὰρ ἔτι Τροίην αἱρήσομεν εὐρυάγυιαν.,Agamemnon,Greeks
230,230,29,1352,"Homer, Iliad 2.110-2.141",del|nar,42,ἀλλʼ ἄγεθʼ ὡς ἂν ἐγὼ εἴπω πειθώμεθα πάντες· φεύγωμεν σὺν νηυσὶ φίλην ἐς πατρίδα γαῖαν· οὐ γὰρ ἔτι Τροίην αἱρήσομεν εὐρυάγυιαν.,Agamemnon,Greeks
239,239,35,142,"Homer, Iliad 11.362-11.367",thr|vit,300,"ἐξ αὖ νῦν ἔφυγες θάνατον κύον· ἦ τέ τοι ἄγχι ἦλθε κακόν· νῦν αὖτέ σʼ ἐρύσατο Φοῖβος Ἀπόλλων ᾧ μέλλεις εὔχεσθαι ἰὼν ἐς δοῦπον ἀκόντων. ἦ θήν σʼ ἐξανύω γε καὶ ὕστερον ἀντιβολήσας, εἴ πού τις καὶ ἔμοιγε θεῶν ἐπιτάρροθός ἐστι. νῦν αὖ τοὺς ἄλλους ἐπιείσομαι, ὅν κε κιχείω.",Diomedes,Hector
240,240,35,747,"Homer, Iliad 20.449-20.454",thr,547,"ἐξ αὖ νῦν ἔφυγες θάνατον κύον· ἦ τέ τοι ἄγχι ἦλθε κακόν· νῦν αὖτέ σʼ ἐρύσατο Φοῖβος Ἀπόλλων, ᾧ μέλλεις εὔχεσθαι ἰὼν ἐς δοῦπον ἀκόντων. ἦ θήν σʼ ἐξανύω γε καὶ ὕστερον ἀντιβολήσας, εἴ πού τις καὶ ἔμοιγε θεῶν ἐπιτάρροθός ἐστι. νῦν αὖ τοὺς ἄλλους ἐπιείσομαι, ὅν κε κιχείω.",Achilles,Hector
241,241,36,1024,"Homer, Iliad 5.889-5.898",vit,151,ἔχθιστος δέ μοί ἐσσι θεῶν οἳ Ὄλυμπον ἔχουσιν· αἰεὶ γάρ τοι ἔρις τε φίλη πόλεμοί τε μάχαι ,Zeus,Ares
242,242,36,1359,"Homer, Iliad 1.173-1.187",cha|exh|thr,12,ἔχθιστος δέ μοί ἐσσι διοτρεφέων βασιλήων· αἰεὶ γάρ τοι ἔρις τε φίλη πόλεμοί τε μάχαι ,Agamemnon,Achilles
245,245,38,681,"Homer, Iliad 18.73-18.77",con|que,483,"τέκνον τί κλαίεις; τί δέ σε φρένας ἵκετο πένθος; ἐξαύδα, μὴ ",Thetis,Achilles
246,246,38,1334,"Homer, Iliad 1.362-1.363",con|que,23,"τέκνον τί κλαίεις; τί δέ σε φρένας ἵκετο πένθος; ἐξαύδα, μὴ ",Thetis,Achilles
247,247,41,4,"Homer, Iliad 8.399-8.408",com,225,"γυιώσω μέν σφωϊν ὑφʼ ἅρμασιν ὠκέας ἵππους, αὐτὰς δʼ ἐκ δίφρου βαλέω κατά θʼ ἅρματα ἄξω· οὐδέ κεν ἐς δεκάτους περιτελλομένους ἐνιαυτοὺς ἕλκεʼ ἀπαλθήσεσθον, ἅ κεν μάρπτῃσι κεραυνός· ὄφρα ἰδῇ γλαυκῶπις ὅτʼ ἂν ᾧ πατρὶ μάχηται. Ἥρῃ δʼ οὔ τι τόσον νεμεσίζομαι οὐδὲ χολοῦμαι· αἰεὶ γάρ μοι ἔωθεν ἐνικλᾶν ὅττί κεν ",Zeus,Iris
248,248,41,7,"Homer, Iliad 8.413-8.424",mes|que|war,226,"γυιώσειν μὲν σφῶϊν ὑφʼ ἅρμασιν ὠκέας ἵππους, αὐτὰς δʼ ἐκ δίφρου βαλέειν κατά θʼ ἅρματα ἄξειν· οὐδέ κεν ἐς δεκάτους περιτελλομένους ἐνιαυτοὺς ἕλκεʼ ἀπαλθήσεσθον, ἅ κεν μάρπτῃσι κεραυνός· ὄφρα ἰδῇς γλαυκῶπι ὅτʼ ἂν σῷ πατρὶ μάχηαι. Ἥρῃ δʼ οὔ τι τόσον νεμεσίζεται οὐδὲ χολοῦται· αἰεὶ γάρ οἱ ἔωθεν ἐνικλᾶν ὅττι κεν ",Iris,"Athena, Hera"
249,249,45,675,"Homer, Iliad 17.685-17.693",com,477,"λυγρῆς ἀγγελίης, ἣ μὴ ὤφελλε γενέσθαι. ἤδη μὲν σὲ καὶ αὐτὸν ὀΐομαι εἰσορόωντα γιγνώσκειν ὅτι πῆμα θεὸς Δαναοῖσι κυλίνδει, νίκη δὲ Τρώων· πέφαται δʼ ὤριστος Ἀχαιῶν Πάτροκλος, μεγάλη δὲ ποθὴ Δαναοῖσι τέτυκται. ἀλλὰ σύ γʼ αἶψʼ Ἀχιλῆϊ θέων ἐπὶ νῆας Ἀχαιῶν εἰπεῖν, αἴ κε τάχιστα νέκυν ἐπὶ νῆα σαώσῃ γυμνόν· ἀτὰρ τά γε τεύχεʼ ἔχει κορυθαίολος Ἕκτωρ.",Menelaus,Antilochus
250,250,45,679,"Homer, Iliad 18.18-18.21",lam,481,"λυγρῆς πεύσεαι ἀγγελίης, ἣ μὴ ὤφελλε γενέσθαι. κεῖται Πάτροκλος, νέκυος δὲ δὴ ἀμφιμάχονται γυμνοῦ· ἀτὰρ τά γε τεύχεʼ ἔχει κορυθαίολος Ἕκτωρ.",Antilochus,Achilles
251,251,46,37,"Homer, Iliad 9.607-9.619",del|inv|thr,244,"ἄλλο δέ τοι ἐρέω, σὺ δʼ ἐνὶ φρεσὶ βάλλεο σῇσι· μή ",Achilles,Phoinix
252,252,46,751,"Homer, Iliad 21.74-21.96",lam|nar|per|req,549,"ἄλλο δέ τοι ἐρέω, σὺ δʼ ἐνὶ φρεσὶ βάλλεο σῇσι· μή ",Lycaon,Achilles
253,253,47,623,"Homer, Iliad 16.422-16.425",del|exh,428,"ὅς τις ὅδε κρατέει καὶ δὴ κακὰ πολλὰ ἔοργε Τρῶας, ἐπεὶ πολλῶν τε καὶ ἐσθλῶν γούνατʼ ",Sarpedon,Lycians
254,254,47,953,"Homer, Iliad 5.171-5.178",del|exh,118,"ὅς τις ὅδε κρατέει καὶ δὴ κακὰ πολλὰ ἔοργε Τρῶας, ἐπεὶ πολλῶν τε καὶ ἐσθλῶν γούνατʼ ",Aeneas,Pandarus
261,261,51,607,"Homer, Iliad 15.561-15.564",del|exh,415,"ὦ φίλοι ἀνέρες ἔστε, καὶ αἰδῶ θέσθʼ ἐνὶ θυμῷ, ἀλλήλους τʼ αἰδεῖσθε κατὰ κρατερὰς ὑσμίνας. αἰδομένων δʼ ἀνδρῶν πλέονες σόοι ἠὲ πέφανται· φευγόντων δʼ οὔτʼ ἂρ κλέος ὄρνυται οὔτέ τις ἀλκή.",Aias (son of Telamon),Greeks
262,262,51,994,"Homer, Iliad 5.529-5.532",exh,138,"ὦ φίλοι ἀνέρες ἔστε καὶ ἄλκιμον ἦτορ ἕλεσθε, ἀλλήλους τʼ αἰδεῖσθε κατὰ κρατερὰς ὑσμίνας· αἰδομένων ἀνδρῶν πλέονες σόοι ἠὲ πέφανται· φευγόντων δʼ οὔτʼ ἂρ κλέος ὄρνυται οὔτε τις ἀλκή.",Agamemnon,Greeks
263,263,52,989,"Homer, Iliad 5.455-5.459",per,135,"Κύπριδα μὲν πρῶτα σχεδὸν οὔτασε χεῖρʼ ἐπὶ καρπῷ, αὐτὰρ ἔπειτʼ αὐτῷ μοι ἐπέσσυτο δαίμονι ",Apollo,Ares
264,264,52,1022,"Homer, Iliad 5.872-5.887",lam,150,"Κύπριδα μὲν πρῶτον σχεδὸν οὔτασε χεῖρʼ ἐπὶ καρπῷ, αὐτὰρ ἔπειτʼ αὐτῷ μοι ἐπέσσυτο δαίμονι ",Ares,Zeus
271,271,58,1356,"Homer, Iliad 2.157-2.165",com|que,43,"οὕτω δὴ οἶκον δὲ φίλην ἐς πατρίδα γαῖαν Ἀργεῖοι φεύξονται ἐπʼ εὐρέα νῶτα θαλάσσης, κὰδ δέ κεν εὐχωλὴν Πριάμῳ καὶ Τρωσὶ λίποιεν Ἀργείην Ἑλένην, ἧς εἵνεκα πολλοὶ Ἀχαιῶν ἐν Τροίῃ ἀπόλοντο φίλης ἀπὸ πατρίδος αἴης· ἀλλʼ ἴθι νῦν κατὰ λαὸν Ἀχαιῶν χαλκοχιτώνων· σοῖς ἀγανοῖς ἐπέεσσιν ἐρήτυε φῶτα ἕκαστον, μηδὲ ἔα νῆας ἅλα δʼ ἑλκέμεν ἀμφιελίσσας.",Hera,Athena
272,272,58,1360,"Homer, Iliad 2.173-2.181",exh|que,44,"οὕτω δὴ οἶκον δὲ φίλην ἐς πατρίδα γαῖαν φεύξεσθʼ ἐν νήεσσι πολυκλήϊσι πεσόντες, κὰδ δέ κεν εὐχωλὴν Πριάμῳ καὶ Τρωσὶ λίποιτε Ἀργείην Ἑλένην, ἧς εἵνεκα πολλοὶ Ἀχαιῶν ἐν Τροίῃ ἀπόλοντο φίλης ἀπὸ πατρίδος αἴης; ἀλλʼ ἴθι νῦν κατὰ λαὸν Ἀχαιῶν, μηδʼ ἔτʼ ἐρώει, σοῖς δʼ ἀγανοῖς ἐπέεσσιν ἐρήτυε φῶτα ἕκαστον, μηδὲ ἔα νῆας ἅλα δʼ ἑλκέμεν ἀμφιελίσσας.",Athena,Odysseus
293,293,73,684,"Homer, Iliad 18.98-18.126",del|req,486,"ἀλλὰ τὰ μὲν προτετύχθαι ἐάσομεν ἀχνύμενοί περ, θυμὸν ἐνὶ στήθεσσι φίλον δαμάσαντες ἀνάγκῃ· νῦν δʼ ",Achilles,Thetis
294,294,73,706,"Homer, Iliad 19.56-19.73",del|per,508,ἀλλὰ τὰ μὲν προτετύχθαι ἐάσομεν ἀχνύμενοί περ θυμὸν ἐνὶ στήθεσσι φίλον δαμάσαντες ἀνάγκῃ· νῦν δʼ ,Achilles,Agamemnon
295,295,74,276,"Homer, Iliad 14.198-14.210",del|req,368,"ὀψομένη πολυφόρβου πείρατα γαίης, Ὠκεανόν τε θεῶν γένεσιν καὶ μητέρα Τηθύν, οἵ μʼ ἐν σφοῖσι δόμοισιν ἐῢ τρέφον ἠδʼ ἀτίταλλον δεξάμενοι Ῥείας, ὅτε τε Κρόνον εὐρύοπα Ζεὺς γαίης νέρθε καθεῖσε καὶ ἀτρυγέτοιο θαλάσσης· τοὺς εἶμʼ ὀψομένη, καί σφʼ ἄκριτα νείκεα λύσω· ἤδη γὰρ δηρὸν χρόνον ἀλλήλων ἀπέχονται εὐνῆς καὶ φιλότητος, ἐπεὶ χόλος ἔμπεσε θυμῷ. ",Hera,Aphrodite
296,296,74,291,"Homer, Iliad 14.301-14.311",res,376,"ὀψομένη πολυφόρβου πείρατα γαίης, Ὠκεανόν τε θεῶν γένεσιν καὶ μητέρα Τηθύν, οἵ με σφοῖσι δόμοισιν ἐῢ τρέφον ἠδʼ ἀτίταλλον· τοὺς εἶμʼ ὀψομένη, καί σφʼ ἄκριτα νείκεα λύσω· ἤδη γὰρ δηρὸν χρόνον ἀλλήλων ἀπέχονται εὐνῆς καὶ φιλότητος, ἐπεὶ χόλος ἔμπεσε θυμῷ. ",Hera,Zeus
303,303,79,3,"Homer, Iliad 22.477-22.514",lam|ora,606,"λείπεις χήρην ἐν μεγάροισι· πάϊς δʼ ἔτι νήπιος αὔτως, ὃν τέκομεν σύ τʼ ἐγώ τε ",Andromache,Hector
304,304,79,188,"Homer, Iliad 24.725-24.745",lam,695,λείπεις ἐν μεγάροισι· πάϊς δʼ ἔτι νήπιος αὔτως ὃν τέκομεν σύ τʼ ἐγώ τε ,Andromache,Hector
307,307,81,37,"Homer, Iliad 9.607-9.619",del|inv|thr,244,εἰς ὅ κʼ ἀϋτμὴ ἐν στήθεσσι μένῃ καί μοι φίλα γούνατʼ ὀρώρῃ. ,Achilles,Phoinix
308,308,81,56,"Homer, Iliad 10.87-10.101",req|res,255,εἰς ὅ κʼ ἀϋτμὴ ἐν στήθεσσι μένῃ καί μοι φίλα γούνατʼ ὀρώρῃ. ,Agamemnon,Nestor
309,309,82,133,"Homer, Iliad 24.253-24.264",lam|lau|vit,666,"ἐγὼ πανάποτμος, ἐπεὶ τέκον υἷας ἀρίστους Τροίῃ ἐν εὐρείῃ, τῶν δʼ οὔ τινά φημι λελεῖφθαι, ",Priam,"Agathon, Antiphonus, Deiphobus, Dius, Helenus, Hippothous, Pammon, Paris, Polites"
310,310,82,166,"Homer, Iliad 24.486-24.506",lam|per|req,682,"ἐγὼ πανάποτμος, ἐπεὶ τέκον υἷας ἀρίστους Τροίῃ ἐν εὐρείῃ, τῶν δʼ οὔ τινά φημι λελεῖφθαι. ",Priam,Achilles
313,313,85,122,"Homer, Iliad 24.144-24.158",com|ins,660,"δῶρα δʼ Ἀχιλλῆϊ φερέμεν τά κε θυμὸν ἰήνῃ οἶον, μὴ δέ τις ἄλλος ἅμα Τρώων ἴτω ἀνήρ. κῆρύξ τίς οἱ ἕποιτο γεραίτερος, ὅς κʼ ἰθύνοι ἡμιόνους καὶ ἄμαξαν ἐΰτροχον, ἠδὲ καὶ αὖτις νεκρὸν ἄγοι προτὶ ἄστυ, τὸν ἔκτανε δῖος Ἀχιλλεύς. μὴ δέ τί οἱ θάνατος μελέτω φρεσὶ μὴ δέ τι τάρβος· τοῖον γάρ οἱ πομπὸν ὀπάσσομεν ἀργεϊφόντην, ὃς ἄξει εἷός κεν ἄγων Ἀχιλῆϊ πελάσσῃ. αὐτὰρ ἐπὴν ἀγάγῃσιν ἔσω κλισίην Ἀχιλῆος, οὔτʼ αὐτὸς κτενέει ἀπό τʼ ἄλλους πάντας ἐρύξει· οὔτε γάρ ἐστʼ ἄφρων οὔτʼ ἄσκοπος οὔτʼ ἀλιτήμων, ἀλλὰ μάλʼ ἐνδυκέως ἱκέτεω πεφιδήσεται ἀνδρός.",Zeus,Iris
314,314,85,124,"Homer, Iliad 24.171-24.187",con|inf|mes,661,"δῶρα δʼ Ἀχιλλῆϊ φερέμεν τά κε θυμὸν ἰήνῃ οἶον, μὴ δέ τις ἄλλος ἅμα Τρώων ἴτω ἀνήρ. κῆρύξ τίς τοι ἕποιτο γεραίτερος, ὅς κʼ ἰθύνοι ἡμιόνους καὶ ἄμαξαν ἐΰτροχον, ἠδὲ καὶ αὖτις νεκρὸν ἄγοι προτὶ ἄστυ, τὸν ἔκτανε δῖος Ἀχιλλεύς. μὴ δέ τί τοι θάνατος μελέτω φρεσὶ μηδέ τι τάρβος· τοῖος γάρ τοι πομπὸς ἅμʼ ἕψεται ἀργεϊφόντης, ὅς σʼ ἄξει εἷός κεν ἄγων Ἀχιλῆϊ πελάσσῃ. αὐτὰρ ἐπὴν ἀγάγῃσιν ἔσω κλισίην Ἀχιλῆος, οὔτʼ αὐτὸς κτενέει ἀπό τʼ ἄλλους πάντας ἐρύξει· οὔτε γάρ ἔστʼ ἄφρων οὔτʼ ἄσκοπος οὔτʼ ἀλιτήμων, ἀλλὰ μάλʼ ἐνδυκέως ἱκέτεω πεφιδήσεται ἀνδρός.",Iris,Priam
315,315,87,1031,"Homer, Iliad 6.77-6.101",com|del,155,"πέπλον, ὅς οἱ δοκέει χαριέστατος ἠδὲ μέγιστος εἶναι ἐνὶ μεγάρῳ καί οἱ πολὺ φίλτατος αὐτῇ, θεῖναι Ἀθηναίης ἐπὶ γούνασιν ἠϋκόμοιο, καί οἱ ὑποσχέσθαι δυοκαίδεκα βοῦς ἐνὶ νηῷ ἤνις ἠκέστας ἱερευσέμεν, αἴ κʼ ἐλεήσῃ ἄστύ τε καὶ Τρώων ἀλόχους καὶ νήπια τέκνα, ὥς κεν Τυδέος υἱὸν ἀπόσχῃ Ἰλίου ἱρῆς ἄγριον αἰχμητὴν κρατερὸν μήστωρα φόβοιο, ",Helenus,Hector
316,316,87,1045,"Homer, Iliad 6.264-6.285",del|res,162,"πέπλον δʼ, ὅς τίς τοι χαριέστατος ἠδὲ μέγιστος ἔστιν ἐνὶ μεγάρῳ καί τοι πολὺ φίλτατος αὐτῇ, τὸν θὲς Ἀθηναίης ἐπὶ γούνασιν ἠϋκόμοιο, καί οἱ ὑποσχέσθαι δυοκαίδεκα βοῦς ἐνὶ νηῷ ἤνις ἠκέστας ἱερευσέμεν, αἴ κʼ ἐλεήσῃ ἄστύ τε καὶ Τρώων ἀλόχους καὶ νήπια τέκνα, αἴ κεν Τυδέος υἱὸν ἀπόσχῃ Ἰλίου ἱρῆς ἄγριον αἰχμητὴν κρατερὸν μήστωρα φόβοιο. ",Hector,Hecuba
323,323,103,898,"Homer, Iliad 4.155-4.182",del|war,92,"αἴθʼ οὕτως ἐπὶ πᾶσι χόλον τελέσειʼ Ἀγαμέμνων, ὡς καὶ νῦν ἅλιον στρατὸν ἤγαγεν ἐνθάδʼ Ἀχαιῶν, καὶ δὴ ἔβη οἶκον δὲ φίλην ἐς πατρίδα γαῖαν σὺν κεινῇσιν νηυσὶ λιπὼν ἀγαθὸν Μενέλαον. ",Agamemnon,Menelaus
324,324,103,900,"Homer, Iliad 4.178-4.181",des,93,"αἴθʼ οὕτως ἐπὶ πᾶσι χόλον τελέσειʼ Ἀγαμέμνων, ὡς καὶ νῦν ἅλιον στρατὸν ἤγαγεν ἐνθάδʼ Ἀχαιῶν, καὶ δὴ ἔβη οἶκον δὲ φίλην ἐς πατρίδα γαῖαν σὺν κεινῇσιν νηυσὶ λιπὼν ἀγαθὸν Μενέλαον.",someone,someone
325,325,104,898,"Homer, Iliad 4.155-4.182",del|war,92,"εὖ γὰρ ἐγὼ τόδε οἶδα κατὰ φρένα καὶ κατὰ θυμόν· ἔσσεται ἦμαρ ὅτʼ ἄν ποτʼ ὀλώλῃ Ἴλιος ἱρὴ καὶ Πρίαμος καὶ λαὸς ἐϋμμελίω Πριάμοιο, Ζεὺς δέ σφι ",Agamemnon,Menelaus
326,326,104,1068,"Homer, Iliad 6.441-6.465",des|lam,171,εὖ γὰρ ἐγὼ τόδε οἶδα κατὰ φρένα καὶ κατὰ θυμόν· ἔσσεται ἦμαρ ὅτʼ ἄν ποτʼ ὀλώλῃ Ἴλιος ἱρὴ καὶ Πρίαμος καὶ λαὸς ἐϋμμελίω Πριάμοιο. ἀλλʼ οὔ μοι ,Hector,Andromache
339,339,114,30,"Homer, Iliad 9.225-9.306",del|gre|inf|nar|per,240,"κατὰ στρατόν, οἵ σε θεὸν ὣς τίσουσʼ· ἦ γάρ κέ σφι μάλα μέγα κῦδος ",Odysseus,Achilles
340,340,114,808,"Homer, Iliad 22.431-22.436",lam,604,"κατὰ πτόλιν, οἵ σε θεὸν ὣς δειδέχατʼ· ἦ γὰρ καί σφι μάλα μέγα κῦδος ",Hecuba,Hector
355,355,123,150,"Homer, Iliad 11.441-11.445",cha|vit,305,"σοὶ δʼ ἐγὼ ἐνθάδε φημὶ φόνον καὶ κῆρα μέλαιναν ἤματι τῷδʼ ἔσσεσθαι, ἐμῷ δʼ ὑπὸ δουρὶ δαμέντα εὖχος ἐμοὶ δώσειν, ψυχὴν δʼ Ἄϊδι κλυτοπώλῳ.",Odysseus,Socus
356,356,123,1003,"Homer, Iliad 5.648-5.654",res,141,"σοὶ δʼ ἐγὼ ἐνθάδε φημὶ φόνον καὶ κῆρα μέλαιναν ἐξ ἐμέθεν τεύξεσθαι, ἐμῷ δʼ ὑπὸ δουρὶ δαμέντα εὖχος ἐμοὶ δώσειν, ψυχὴν δʼ Ἄϊδι κλυτοπώλῳ.",Sarpedon,Tlepolemus
359,359,125,14,"Homer, Iliad 8.497-8.541",com|del,231,"εἰ γὰρ ἐγὼν ὣς εἴην ἀθάνατος καὶ ἀγήρως ἤματα πάντα, τιοίμην δʼ ὡς τίετʼ Ἀθηναίη καὶ Ἀπόλλων, ὡς νῦν ἡμέρη ἥδε κακὸν φέρει ",Hector,Trojans
360,360,125,254,"Homer, Iliad 13.824-13.832",del|des|vit,357,"εἰ γὰρ ἐγὼν οὕτω γε Διὸς πάϊς αἰγιόχοιο εἴην ἤματα πάντα, τέκοι δέ με πότνια Ἥρη, τιοίμην δʼ ὡς τίετʼ Ἀθηναίη καὶ Ἀπόλλων, ὡς νῦν ἡμέρη ἥδε κακὸν φέρει ",Hector,Aias (son of Telamon)
361,361,126,14,"Homer, Iliad 8.497-8.541",com|del,231,πρῶϊ δʼ ὑπηοῖοι σὺν τεύχεσι θωρηχθέντες νηυσὶν ἔπι γλαφυρῇσιν ἐγείρομεν ὀξὺν Ἄρηα. ,Hector,Trojans
362,362,126,693,"Homer, Iliad 18.285-18.309",del,495,πρῶϊ δʼ ὑπηοῖοι σὺν τεύχεσι θωρηχθέντες νηυσὶν ἔπι γλαφυρῇσιν ἐγείρομεν ὀξὺν Ἄρηα. ,Hector,Polydamas
371,371,135,707,"Homer, Iliad 19.78-19.144",del|exh|nar,509,"κέκλυτέ μευ πάντές τε θεοὶ πᾶσαί τε θέαιναι, ὄφρʼ εἴπω τά με θυμὸς ἐνὶ στήθεσσιν ἀνώγει. σήμερον ἄνδρα φόως δὲ μογοστόκος Εἰλείθυια ἐκφανεῖ, ὃς πάντεσσι περικτιόνεσσιν ἀνάξει, τῶν ἀνδρῶν γενεῆς οἵ θʼ αἵματος ἐξ ἐμεῦ εἰσί. ",Agamemnon,Greeks
372,372,135,708,"Homer, Iliad 19.101-19.105",ora,510,"κέκλυτέ μευ πάντές τε θεοὶ πᾶσαί τε θέαιναι, ὄφρʼ εἴπω τά με θυμὸς ἐνὶ στήθεσσιν ἀνώγει. σήμερον ἄνδρα φόως δὲ μογοστόκος Εἰλείθυια ἐκφανεῖ, ὃς πάντεσσι περικτιόνεσσιν ἀνάξει, τῶν ἀνδρῶν γενεῆς οἵ θʼ αἵματος ἐξ ἐμεῦ εἰσί.",Zeus,Hera
377,377,145,837,"Homer, Iliad 3.86-3.94",del,60,"κέκλυτέ μευ Τρῶες καὶ ἐϋκνήμιδες Ἀχαιοὶ μῦθον Ἀλεξάνδροιο, τοῦ εἵνεκα νεῖκος ὄρωρεν. ",Hector,"Greeks, Trojans"
378,378,145,1125,"Homer, Iliad 7.368-7.378",del|per,200,"κέκλυτέ μευ Τρῶες καὶ Δάρδανοι ἠδʼ ἐπίκουροι, ὄφρʼ εἴπω τά με θυμὸς ἐνὶ στήθεσσι κελεύει. νῦν μὲν δόρπον ἕλεσθε κατὰ πτόλιν ὡς τὸ πάρος περ, καὶ φυλακῆς μνήσασθε καὶ ἐγρήγορθε ἕκαστος· ἠῶθεν δʼ Ἰδαῖος ἴτω κοίλας ἐπὶ νῆας εἰπέμεν Ἀτρεΐδῃς Ἀγαμέμνονι καὶ Μενελάῳ μῦθον Ἀλεξάνδροιο, τοῦ εἵνεκα νεῖκος ὄρωρε· ",Priam,Trojans
387,387,153,680,"Homer, Iliad 18.52-18.64",del|lam,482,"τε κρατερόν τε ἔξοχον ἡρώων· ὃ δʼ ἀνέδραμεν ἔρνεϊ ἶσος· τὸν μὲν ἐγὼ θρέψασα φυτὸν ὣς γουνῷ ἀλωῆς νηυσὶν ἐπιπροέηκα κορωνίσιν Ἴλιον εἴσω Τρωσὶ μαχησόμενον· τὸν δʼ οὐχ ὑποδέξομαι αὖτις οἴκαδε νοστήσαντα δόμον Πηλήϊον εἴσω. ὄφρα δέ μοι ζώει καὶ ὁρᾷ φάος ἠελίοιο ἄχνυται, οὐδέ τί οἱ δύναμαι χραισμῆσαι ἰοῦσα. ",Thetis,Nereids
388,388,153,701,"Homer, Iliad 18.429-18.461",nar|req,503,"τε τραφέμεν τε ἔξοχον ἡρώων· ὃ δʼ ἀνέδραμεν ἔρνεϊ ἶσος· τὸν μὲν ἐγὼ θρέψασα φυτὸν ὣς γουνῷ ἀλωῆς νηυσὶν ἐπιπροέηκα κορωνίσιν Ἴλιον εἴσω Τρωσὶ μαχησόμενον· τὸν δʼ οὐχ ὑποδέξομαι αὖτις οἴκαδε νοστήσαντα δόμον Πηλήϊον εἴσω. ὄφρα δέ μοι ζώει καὶ ὁρᾷ φάος ἠελίοιο ἄχνυται, οὐδέ τί οἱ δύναμαι χραισμῆσαι ἰοῦσα. ",Thetis,Hephaestus
395,395,159,620,"Homer, Iliad 16.233-16.248",pra,426,"δή ποτʼ ἐμὸν ἔπος ἔκλυες εὐξαμένοιο, τίμησας μὲν ἐμέ, μέγα δʼ ἴψαο λαὸν Ἀχαιῶν, ἠδʼ ἔτι καὶ νῦν μοι τόδʼ ἐπικρήηνον ἐέλδωρ· ",Achilles,Zeus
396,396,159,1339,"Homer, Iliad 1.451-1.456",pra|req,27,"δή ποτʼ ἐμεῦ πάρος ἔκλυες εὐξαμένοιο, τίμησας μὲν ἐμέ, μέγα δʼ ἴψαο λαὸν Ἀχαιῶν· ἠδʼ ἔτι καὶ νῦν μοι τόδʼ ἐπικρήηνον ἐέλδωρ· ",Chryses,Apollo
397,397,160,645,"Homer, Iliad 17.19-17.32",del|thr,447,"ἀλλά σʼ ἔγωγʼ ἀναχωρήσαντα κελεύω ἐς πληθὺν ἰέναι, μηδʼ ἀντίος ἵστασʼ ἐμεῖο πρίν τι κακὸν παθέειν· ῥεχθὲν δέ τε νήπιος ἔγνω.",Menelaus,Euphorbus
398,398,160,732,"Homer, Iliad 20.178-20.198",nar|que|war,534,"ἀλλά σʼ ἔγωγʼ ἀναχωρήσαντα κελεύω ἐς πληθὺν ἰέναι, μηδʼ ἀντίος ἵστασʼ ἐμεῖο, πρίν τι κακὸν παθέειν· ῥεχθὲν δέ τε νήπιος ἔγνω.",Achilles,Aeneas
413,413,172,797,"Homer, Iliad 22.261-22.272",cha|vit,593,πρίν γʼ ἢ ἕτερόν γε πεσόντα αἵματος ἆσαι Ἄρηα ταλαύρινον πολεμιστήν. ,Achilles,Hector
414,414,172,973,"Homer, Iliad 5.287-5.289",cha,126,"πρίν γʼ ἢ ἕτερόν γε πεσόντα αἵματος ἆσαι Ἄρηα, ταλαύρινον πολεμιστήν.",Diomedes,Pandarus
415,415,174,30,"Homer, Iliad 9.225-9.306",del|gre|inf|nar|per,240,"τέκνον ἐμὸν κάρτος μὲν Ἀθηναίη τε καὶ Ἥρη δώσουσʼ αἴ κʼ ἐθέλωσι, σὺ δὲ μεγαλήτορα θυμὸν ἴσχειν ἐν στήθεσσι· φιλοφροσύνη γὰρ ἀμείνων· ληγέμεναι δʼ ἔριδος κακομηχάνου, ὄφρά σε μᾶλλον τίωσʼ Ἀργείων ἠμὲν νέοι ἠδὲ γέροντες. ",Odysseus,Achilles
416,416,174,31,"Homer, Iliad 9.254-9.258",del,241,"τέκνον ἐμὸν κάρτος μὲν Ἀθηναίη τε καὶ Ἥρη δώσουσʼ αἴ κʼ ἐθέλωσι, σὺ δὲ μεγαλήτορα θυμὸν ἴσχειν ἐν στήθεσσι· φιλοφροσύνη γὰρ ἀμείνων· ληγέμεναι δʼ ἔριδος κακομηχάνου, ὄφρά σε μᾶλλον τίωσʼ Ἀργείων ἠμὲν νέοι ἠδὲ γέροντες.",Peleus,Achilles
417,417,177,1125,"Homer, Iliad 7.368-7.378",del|per,200,"μῦθον Ἀλεξάνδροιο, τοῦ εἵνεκα νεῖκος ὄρωρε· καὶ δὲ τόδʼ εἰπέμεναι πυκινὸν ἔπος, αἴ κʼ ἐθέλωσι παύσασθαι πολέμοιο δυσηχέος, εἰς ὅ κε νεκροὺς κήομεν· ὕστερον αὖτε μαχησόμεθʼ εἰς ὅ κε δαίμων ἄμμε διακρίνῃ, δώῃ δʼ ἑτέροισί γε νίκην.",Priam,Trojans
418,418,177,1127,"Homer, Iliad 7.385-7.397",mes|per,201,"μῦθον Ἀλεξάνδροιο, τοῦ εἵνεκα νεῖκος ὄρωρε· κτήματα μὲν ὅσʼ Ἀλέξανδρος κοίλῃς ἐνὶ νηυσὶν ἠγάγετο Τροίηνδʼ· ὡς πρὶν ὤφελλʼ ἀπολέσθαι· πάντʼ ἐθέλει δόμεναι καὶ οἴκοθεν ἄλλʼ ἐπιθεῖναι· κουριδίην δʼ ἄλοχον Μενελάου κυδαλίμοιο οὔ φησιν δώσειν· ἦ μὴν Τρῶές γε κέλονται. καὶ δὲ τόδʼ ἠνώγεον εἰπεῖν ἔπος αἴ κʼ ἐθέλητε παύσασθαι πολέμοιο δυσηχέος εἰς ὅ κε νεκροὺς κήομεν· ὕστερον αὖτε μαχησόμεθʼ εἰς ὅ κε δαίμων ἄμμε διακρίνῃ, δώῃ δʼ ἑτέροισί γε νίκην.",Idaeus,Greeks
421,421,179,693,"Homer, Iliad 18.285-18.309",del,495,"νῦν μὲν δόρπον ἕλεσθε κατὰ στρατὸν ἐν τελέεσσι, καὶ φυλακῆς μνήσασθε, καὶ ἐγρήγορθε ἕκαστος· Τρώων δʼ ",Hector,Polydamas
422,422,179,1125,"Homer, Iliad 7.368-7.378",del|per,200,"νῦν μὲν δόρπον ἕλεσθε κατὰ πτόλιν ὡς τὸ πάρος περ, καὶ φυλακῆς μνήσασθε καὶ ἐγρήγορθε ἕκαστος· ἠῶθεν δʼ ",Priam,Trojans
425,425,185,892,"Homer, Iliad 4.51-4.67",del,88,"ἐλθεῖν ἐς Τρώων καὶ Ἀχαιῶν φύλοπιν αἰνήν, πειρᾶν δʼ ὥς κε Τρῶες ὑπερκύδαντας Ἀχαιοὺς ἄρξωσι πρότεροι ὑπὲρ ὅρκια δηλήσασθαι.",Hera,Zeus
426,426,185,894,"Homer, Iliad 4.70-4.72",com,89,"ἐλθὲ μετὰ Τρῶας καὶ Ἀχαιούς, πειρᾶν δʼ ὥς κε Τρῶες ὑπερκύδαντας Ἀχαιοὺς ἄρξωσι πρότεροι ὑπὲρ ὅρκια δηλήσασθαι.",Zeus,Athena
427,427,186,696,"Homer, Iliad 18.361-18.367",que,498,"ἀμφότερον γενεῇ τε καὶ οὕνεκα σὴ παράκοιτις κέκλημαι, σὺ δὲ πᾶσι μετʼ ἀθανάτοισιν ἀνάσσεις, ",Hera,Zeus
428,428,186,892,"Homer, Iliad 4.51-4.67",del,88,"ἀμφότερον γενεῇ τε καὶ οὕνεκα σὴ παράκοιτις κέκλημαι, σὺ δὲ πᾶσι μετʼ ἀθανάτοισιν ἀνάσσεις. ",Hera,Zeus
525,525,264,116,"Homer, Iliad 24.104-24.119",del|mes,657,"σκύζεσθαί οἱ εἰπὲ θεούς, ἐμὲ δʼ ἔξοχα πάντων ἀθανάτων κεχολῶσθαι, ὅτι φρεσὶ μαινομένῃσιν Ἕκτορʼ ἔχει παρὰ νηυσὶ κορωνίσιν οὐδʼ ",Zeus,Thetis
526,526,264,118,"Homer, Iliad 24.128-24.137",com|con|mes,658,"σκύζεσθαι σοί φησι θεούς, ἑὲ δʼ ἔξοχα πάντων ἀθανάτων κεχολῶσθαι, ὅτι φρεσὶ μαινομένῃσιν Ἕκτορʼ ἔχεις παρὰ νηυσὶ κορωνίσιν οὐδʼ ",Thetis,Achilles
539,539,276,16,"Homer, Iliad 9.17-9.28",del|ora,232,"οὕτω που Διὶ μέλλει ὑπερμενέϊ φίλον εἶναι, ὃς δὴ πολλάων πολίων κατέλυσε κάρηνα ἠδʼ ἔτι καὶ λύσει· τοῦ γὰρ κράτος ἐστὶ μέγιστον. ἀλλʼ ἄγεθʼ ὡς ἂν ἐγὼ εἴπω πειθώμεθα ",Agamemnon,Greeks
540,540,276,262,"Homer, Iliad 14.65-14.81",del|per,361,"οὕτω που Διὶ μέλλει ὑπερμενέϊ φίλον εἶναι νωνύμνους ἀπολέσθαι ἀπʼ Ἄργεος ἐνθάδʼ Ἀχαιούς. ᾔδεα μὲν γὰρ ὅτε πρόφρων Δαναοῖσιν ἄμυνεν, οἶδα δὲ νῦν ὅτε τοὺς μὲν ὁμῶς μακάρεσσι θεοῖσι κυδάνει, ἡμέτερον δὲ μένος καὶ χεῖρας ἔδησεν. ἀλλʼ ἄγεθʼ ὡς ἂν ἐγὼν εἴπω πειθώμεθα ",Agamemnon,Nestor
543,543,280,906,"Homer, Iliad 4.193-4.197",com,96,"ὄφρα ἴδῃ Μενέλαον ἀρήϊον Ἀτρέος υἱόν, ὅν τις ὀϊστεύσας ἔβαλεν τόξων ἐῢ εἰδὼς Τρώων ἢ Λυκίων, τῷ μὲν κλέος, ἄμμι δὲ πένθος.",Agamemnon,Talthybius
544,544,280,907,"Homer, Iliad 4.204-4.207",mes,97,"ὄφρα ἴδῃς Μενέλαον ἀρήϊον ἀρχὸν Ἀχαιῶν, ὅν τις ὀϊστεύσας ἔβαλεν τόξων ἐῢ εἰδὼς Τρώων ἢ Λυκίων, τῷ μὲν κλέος, ἄμμι δὲ πένθος.",Talthybius,Machaon
545,545,283,89,"Homer, Iliad 10.303-10.312",per|req,272,"σχεδὸν ἐλθέμεν, ἔκ τε πυθέσθαι ἠέ φυλάσσονται νῆες θοαὶ ὡς τὸ πάρος περ, ἦ ἤδη χείρεσσιν ὑφʼ ἡμετέρῃσι δαμέντες φύξιν βουλεύουσι μετὰ σφίσιν, οὐδʼ ἐθέλουσι νύκτα φυλασσέμεναι, καμάτῳ ἀδηκότες αἰνῷ.",Hector,Trojans
546,546,283,104,"Homer, Iliad 10.391-10.399",inf|res,279,"σχεδὸν ἐλθέμεν, ἔκ τε πυθέσθαι ἠὲ φυλάσσονται νῆες θοαὶ ὡς τὸ πάρος περ, ἦ ἤδη χείρεσσιν ὑφʼ ἡμετέρῃσι δαμέντες φύξιν βουλεύουσι μετὰ σφίσιν, οὐδʼ ἐθέλουσι νύκτα φυλασσέμεναι, καμάτῳ ἀδηκότες αἰνῷ.",Dolon,Odysseus
551,551,288,1062,"Homer, Iliad 6.376-6.380",que,168,"πῃ ἐς γαλόων ἢ εἰνατέρων ἐϋπέπλων ἢ ἐς Ἀθηναίης ἐξοίχεται, ἔνθά περ ἄλλαι Τρῳαὶ ἐϋπλόκαμοι δεινὴν θεὸν ἱλάσκονται;",Hector,female servants
552,552,288,1064,"Homer, Iliad 6.382-6.389",inf|res,169,"πῃ ἐς γαλόων οὔτʼ εἰνατέρων ἐϋπέπλων οὔτʼ ἐς Ἀθηναίης ἐξοίχεται, ἔνθά περ ἄλλαι Τρῳαὶ ἐϋπλόκαμοι δεινὴν θεὸν ἱλάσκονται, ",female servant,Hector
553,553,289,618,"Homer, Iliad 16.200-16.209",del|exh,424,"σχέτλιε Πηλέος υἱὲ χόλῳ ἄρα σʼ ἔτρεφε μήτηρ, νηλεές, ὃς παρὰ νηυσὶν ἔχεις ἀέκοντας ἑταίρους· οἴκαδέ περ σὺν νηυσὶ νεώμεθα ποντοπόροισιν αὖτις, ἐπεί ῥά τοι ὧδε κακὸς χόλος ἔμπεσε θυμῷ. ",Achilles,Myrmidons
554,554,289,619,"Homer, Iliad 16.203-16.206",tau|vit,425,"σχέτλιε Πηλέος υἱὲ χόλῳ ἄρα σʼ ἔτρεφε μήτηρ, νηλεές, ὃς παρὰ νηυσὶν ἔχεις ἀέκοντας ἑταίρους· οἴκαδέ περ σὺν νηυσὶ νεώμεθα ποντοπόροισιν αὖτις, ἐπεί ῥά τοι ὧδε κακὸς χόλος ἔμπεσε θυμῷ.",Myrmidons,Achilles
555,555,295,183,"Homer, Iliad 11.823-11.836",req|res,317,"οἳ μὲν γὰρ δὴ πάντες, ὅσοι πάρος ἦσαν ἄριστοι, ἐν νηυσὶν κέαται βεβλημένοι οὐτάμενοί τε ",Eurypylus,Patroclus
556,556,295,613,"Homer, Iliad 16.21-16.45",inf|lam|res,421,"οἳ μὲν γὰρ δὴ πάντες, ὅσοι πάρος ἦσαν ἄριστοι, ἐν νηυσὶν κέαται βεβλημένοι οὐτάμενοί τε. ",Patroclus,Achilles
557,557,301,129,"Homer, Iliad 11.186-11.194",com,293,"ὄφρʼ ἂν μέν κεν ὁρᾷ Ἀγαμέμνονα ποιμένα λαῶν θύνοντʼ ἐν προμάχοισιν ἐναίροντα στίχας ἀνδρῶν, τόφρʼ ἀναχωρείτω, τὸν δʼ ἄλλον λαὸν ἀνώχθω μάρνασθαι δηΐοισι κατὰ κρατερὴν ὑσμίνην. αὐτὰρ ἐπεί κʼ ἢ δουρὶ τυπεὶς ἢ βλήμενος ἰῷ εἰς ἵππους ἅλεται, τότε οἱ κράτος ἐγγυαλίξω κτείνειν εἰς ὅ κε νῆας ἐϋσσέλμους ἀφίκηται δύῃ τʼ ἠέλιος καὶ ἐπὶ κνέφας ἱερὸν ἔλθῃ.",Zeus,Iris
558,558,301,131,"Homer, Iliad 11.200-11.209",mes,294,"ὄφρʼ ἂν μέν κεν ὁρᾷς Ἀγαμέμνονα ποιμένα λαῶν θύνοντʼ ἐν προμάχοισιν, ἐναίροντα στίχας ἀνδρῶν, τόφρʼ ὑπόεικε μάχης, τὸν δʼ ἄλλον λαὸν ἄνωχθι μάρνασθαι δηΐοισι κατὰ κρατερὴν ὑσμίνην. αὐτὰρ ἐπεί κʼ ἢ δουρὶ τυπεὶς ἢ βλήμενος ἰῷ εἰς ἵππους ἅλεται, τότε τοι κράτος ἐγγυαλίξει κτείνειν, εἰς ὅ κε νῆας ἐϋσσέλμους ἀφίκηαι δύῃ τʼ ἠέλιος καὶ ἐπὶ κνέφας ἱερὸν ἔλθῃ.",Iris,Hector
573,573,324,684,"Homer, Iliad 18.98-18.126",del|req,486,κῆρα δʼ ἐγὼ τότε δέξομαι ὁππότε κεν δὴ Ζεὺς ἐθέλῃ τελέσαι ἠδʼ ἀθάνατοι θεοὶ ἄλλοι. ,Achilles,Thetis
574,574,324,804,"Homer, Iliad 22.365-22.366",com,600,κῆρα δʼ ἐγὼ τότε δέξομαι ὁππότε κεν δὴ Ζεὺς ἐθέλῃ τελέσαι ἠδʼ ἀθάνατοι θεοὶ ἄλλοι.,Achilles,Hector
575,575,326,672,"Homer, Iliad 17.629-17.647",del|pra|req,474,"αὐτοί περ φραζώμεθα μῆτιν ἀρίστην, ἠμὲν ὅπως τὸν νεκρὸν ἐρύσσομεν, ἠδὲ καὶ αὐτοὶ ",Aias (son of Telamon),"Greeks, Zeus"
576,576,326,676,"Homer, Iliad 17.708-17.714",del,478,"αὐτοί περ φραζώμεθα μῆτιν ἀρίστην, ἠμὲν ὅπως τὸν νεκρὸν ἐρύσσομεν, ἠδὲ καὶ αὐτοὶ ",Menelaus,"Aias (son of Oileus), Aias (son of Telamon)"
579,579,330,1116,"Homer, Iliad 7.288-7.302",del|per,195,"ἠμὲν ἐμαρνάσθην ἔριδος πέρι θυμοβόροιο, ἠδʼ αὖτʼ ἐν φιλότητι διέτμαγεν ἀρθμήσαντε.",Hector,Aias (son of Telamon)
580,580,330,1117,"Homer, Iliad 7.301-7.302",inf,196,"ἠμὲν ἐμαρνάσθην ἔριδος πέρι θυμοβόροιο, ἠδʼ αὖτʼ ἐν φιλότητι διέτμαγεν ἀρθμήσαντε.",someone,someone
583,583,332,791,"Homer, Iliad 22.183-22.185",cha,587,"θάρσει Τριτογένεια φίλον τέκος· οὔ νύ τι θυμῷ πρόφρονι μυθέομαι, ἐθέλω δέ τοι ἤπιος ",Zeus,Athena
584,584,332,1139,"Homer, Iliad 8.39-8.40",del,208,"θάρσει Τριτογένεια φίλον τέκος· οὔ νύ τι θυμῷ πρόφρονι μυθέομαι, ἐθέλω δέ τοι ἤπιος ",Zeus,Athena
585,585,333,778,"Homer, Iliad 21.509-21.510",que,574,"τίς νύ σε τοιάδʼ ἔρεξε φίλον τέκος Οὐρανιώνων μαψιδίως, ὡς εἴ τι κακὸν ῥέζουσαν ἐνωπῇ;",Zeus,Artemis
586,586,333,978,"Homer, Iliad 5.373-5.374",que,129,"τίς νύ σε τοιάδʼ ἔρεξε φίλον τέκος Οὐρανιώνων μαψιδίως, ὡς εἴ τι κακὸν ῥέζουσαν ἐνωπῇ;",Dione,Aphrodite
587,587,335,813,"Homer, Iliad 2.284-2.332",cha|del|nar,50,"τίπτʼ ἄνεῳ ἐγένεσθε κάρη κομόωντες Ἀχαιοί; ἡμῖν μὲν τόδʼ ἔφηνε τέρας μέγα μητίετα Ζεὺς ὄψιμον ὀψιτέλεστον, ὅου κλέος οὔ ποτʼ ὀλεῖται. ὡς οὗτος κατὰ τέκνα φάγε στρουθοῖο καὶ αὐτὴν ὀκτώ, ἀτὰρ μήτηρ ἐνάτη ἦν ἣ τέκε τέκνα, ὣς ἡμεῖς τοσσαῦτʼ ἔτεα πτολεμίξομεν αὖθι, τῷ δεκάτῳ δὲ πόλιν αἱρήσομεν εὐρυάγυιαν. ",Odysseus,Greeks
588,588,335,816,"Homer, Iliad 2.323-2.329",del|ora|que,51,"τίπτʼ ἄνεῳ ἐγένεσθε κάρη κομόωντες Ἀχαιοί; ἡμῖν μὲν τόδʼ ἔφηνε τέρας μέγα μητίετα Ζεὺς ὄψιμον ὀψιτέλεστον, ὅου κλέος οὔ ποτʼ ὀλεῖται. ὡς οὗτος κατὰ τέκνα φάγε στρουθοῖο καὶ αὐτὴν ὀκτώ, ἀτὰρ μήτηρ ἐνάτη ἦν ἣ τέκε τέκνα, ὣς ἡμεῖς τοσσαῦτʼ ἔτεα πτολεμίξομεν αὖθι, τῷ δεκάτῳ δὲ πόλιν αἱρήσομεν εὐρυάγυιαν.",Calchas,Greeks
593,593,344,203,"Homer, Iliad 12.343-12.350",com,326,"ἀμφοτέρω μὲν μᾶλλον· ὃ γάρ κʼ ὄχʼ ἄριστον ἁπάντων εἴη, ἐπεὶ τάχα τῇδε τετεύξεται αἰπὺς ὄλεθρος. ὧδε γὰρ ἔβρισαν Λυκίων ἀγοί, οἳ τὸ πάρος περ ζαχρηεῖς τελέθουσι κατὰ κρατερὰς ὑσμίνας. εἰ δέ σφιν καὶ κεῖθι πόνος καὶ νεῖκος ὄρωρεν, ἀλλά περ οἶος ἴτω Τελαμώνιος ἄλκιμος Αἴας, καί οἱ Τεῦκρος ἅμα σπέσθω τόξων ἐῢ εἰδώς.",Menestheus,Thootes
594,594,344,204,"Homer, Iliad 12.354-12.363",mes,327,"ἀμφοτέρω μὲν μᾶλλον· ὃ γάρ κʼ ὄχʼ ἄριστον ἁπάντων εἴη, ἐπεὶ τάχα κεῖθι τετεύξεται αἰπὺς ὄλεθρος· ὧδε γὰρ ἔβρισαν Λυκίων ἀγοί, οἳ τὸ πάρος περ ζαχρηεῖς τελέθουσι κατὰ κρατερὰς ὑσμίνας. εἰ δὲ καὶ ἐνθάδε περ πόλεμος καὶ νεῖκος ὄρωρεν, ἀλλά περ οἶος ἴτω Τελαμώνιος ἄλκιμος Αἴας, καί οἱ Τεῦκρος ἅμα σπέσθω τόξων ἐῢ εἰδώς.",Thootes,"Aias (son of Oileus), Aias (son of Telamon)"
595,595,345,34,"Homer, Iliad 9.308-9.429",del|des|lau|nar|req,242,"καὶ δʼ ἂν τοῖς ἄλλοισιν ἐγὼ παραμυθησαίμην οἴκαδʼ ἀποπλείειν, ἐπεὶ οὐκέτι δήετε τέκμωρ Ἰλίου αἰπεινῆς· μάλα γάρ ἑθεν εὐρύοπα Ζεὺς χεῖρα ἑὴν ὑπερέσχε, τεθαρσήκασι δὲ λαοί. ἀλλʼ ὑμεῖς μὲν ἰόντες ἀριστήεσσιν Ἀχαιῶν ἀγγελίην ἀπόφασθε· τὸ γὰρ γέρας ἐστὶ γερόντων· ὄφρʼ ἄλλην φράζωνται ἐνὶ φρεσὶ μῆτιν ἀμείνω, ἥ κέ σφιν νῆάς τε σαῷ καὶ λαὸν Ἀχαιῶν νηυσὶν ἔπι γλαφυρῇς, ἐπεὶ οὔ σφισιν ἥδέ γʼ ἑτοίμη ἣν νῦν ἐφράσσαντο ἐμεῦ ἀπομηνίσαντος· Φοῖνιξ δʼ αὖθι παρʼ ἄμμι μένων κατακοιμηθήτω, ὄφρά μοι ἐν νήεσσι φίλην ἐς πατρίδʼ ἕπηται αὔριον ἢν ἐθέλῃσιν· ἀνάγκῃ δʼ οὔ τί μιν ",Achilles,Odysseus
596,596,345,44,"Homer, Iliad 9.677-9.692",mes|res,248,"καὶ δʼ ἂν τοῖς ἄλλοισιν ἔφη παραμυθήσασθαι οἴκαδʼ ἀποπλείειν, ἐπεὶ οὐκέτι δήετε τέκμωρ Ἰλίου αἰπεινῆς· μάλα γάρ ἑθεν εὐρύοπα Ζεὺς χεῖρα ἑὴν ὑπερέσχε, τεθαρσήκασι δὲ λαοί. ὣς ἔφατʼ· εἰσὶ καὶ οἵδε τάδʼ εἰπέμεν, οἵ μοι ἕποντο, Αἴας καὶ κήρυκε δύω πεπνυμένω ἄμφω. Φοῖνιξ δʼ αὖθʼ ὃ γέρων κατελέξατο, ὡς γὰρ ἀνώγει, ὄφρά οἱ ἐν νήεσσι φίλην ἐς πατρίδʼ ἕπηται αὔριον, ἢν ἐθέλῃσιν· ἀνάγκῃ δʼ οὔ τί μιν ",Odysseus,Agamemnon
627,627,393,707,"Homer, Iliad 19.78-19.144",del|exh|nar,509,Ζεῦ πάτερ ἀργικέραυνε ἔπος τί τοι ἐν φρεσὶ θήσω· ἤδη ἀνὴρ γέγονʼ ἐσθλὸς ὃς Ἀργείοισιν ἀνάξει Εὐρυσθεὺς Σθενέλοιο πάϊς Περσηϊάδαο σὸν γένος· οὔ οἱ ἀεικὲς ἀνασσέμεν Ἀργείοισιν. ,Agamemnon,Greeks
628,628,393,710,"Homer, Iliad 19.121-19.124",inf,512,Ζεῦ πάτερ ἀργικέραυνε ἔπος τί τοι ἐν φρεσὶ θήσω· ἤδη ἀνὴρ γέγονʼ ἐσθλὸς ὃς Ἀργείοισιν ἀνάξει Εὐρυσθεὺς Σθενέλοιο πάϊς Περσηϊάδαο σὸν γένος· οὔ οἱ ἀεικὲς ἀνασσέμεν Ἀργείοισιν.,Hera,Zeus
629,629,396,205,"Homer, Iliad 12.366-12.369",del|exh,328,"αὐτὰρ ἐγὼ κεῖσʼ εἶμι καὶ ἀντιόω πολέμοιο· αἶψα δʼ ἐλεύσομαι αὖτις, ἐπὴν εὖ τοῖς ",Aias (son of Telamon),Aias (son of Oileus)
630,630,396,247,"Homer, Iliad 13.751-13.753",del|req,353,αὐτὰρ ἐγὼ κεῖσʼ εἶμι καὶ ἀντιόω πολέμοιο· αἶψα δʼ ἐλεύσομαι αὖτις ἐπὴν εὖ τοῖς ,Hector,Polydamas
631,631,398,127,"Homer, Iliad 24.201-24.216",lam,663,πῶς ἐθέλεις ἐπὶ νῆας Ἀχαιῶν ἐλθέμεν οἶος ἀνδρὸς ἐς ὀφθαλμοὺς ὅς τοι πολέας τε καὶ ἐσθλοὺς υἱέας ἐξενάριξε· σιδήρειόν νύ τοι ἦτορ. ,Hecuba,Priam
632,632,398,167,"Homer, Iliad 24.518-24.551",con|del|nar,683,πῶς ἔτλης ἐπὶ νῆας Ἀχαιῶν ἐλθέμεν οἶος ἀνδρὸς ἐς ὀφθαλμοὺς ὅς τοι πολέας τε καὶ ἐσθλοὺς υἱέας ἐξενάριξα; σιδήρειόν νύ τοι ἦτορ. ,Achilles,Priam
633,633,400,733,"Homer, Iliad 20.200-20.258",del|nar,535,"εἰ δʼ ἐθέλεις καὶ ταῦτα δαήμεναι, ὄφρʼ ἐῢ εἰδῇς ἡμετέρην γενεήν, πολλοὶ δέ μιν ἄνδρες ",Aeneas,Achilles
634,634,400,1037,"Homer, Iliad 6.145-6.211",nar|res|und,158,"εἰ δʼ ἐθέλεις καὶ ταῦτα δαήμεναι ὄφρʼ ἐῢ εἰδῇς ἡμετέρην γενεήν, πολλοὶ δέ μιν ἄνδρες ",Glaucus (Lycian),Diomedes
635,635,401,1037,"Homer, Iliad 6.145-6.211",nar|res|und,158,"τεθναίης ὦ Προῖτʼ, ἢ κάκτανε Βελλεροφόντην, ὅς μʼ ἔθελεν φιλότητι μιγήμεναι οὐκ ἐθελούσῃ. ",Glaucus (Lycian),Diomedes
636,636,401,1039,"Homer, Iliad 6.164-6.165",del,159,"τεθναίης ὦ Προῖτʼ, ἢ κάκτανε Βελλεροφόντην, ὅς μʼ ἔθελεν φιλότητι μιγήμεναι οὐκ ἐθελούσῃ.",Antea,Proetus
637,637,402,951,"Homer, Iliad 5.124-5.132",exh|res,117,"θεοῖς ἀντικρὺ μάχεσθαι τοῖς ἄλλοις· ἀτὰρ εἴ κε Διὸς θυγάτηρ Ἀφροδίτη ἔλθῃσʼ ἐς πόλεμον, τήν γʼ οὐτάμεν ὀξέϊ χαλκῷ.",Athena,Diomedes
638,638,402,1018,"Homer, Iliad 5.815-5.824",del|res,148,"θεοῖς ἀντικρὺ μάχεσθαι τοῖς ἄλλοις· ἀτὰρ εἴ κε Διὸς θυγάτηρ Ἀφροδίτη ἔλθῃσʼ ἐς πόλεμον, τήν γʼ οὐτάμεν ὀξέϊ χαλκῷ. ",Diomedes,Athena
639,639,404,735,"Homer, Iliad 20.310-20.317",del,537,"μή ποτʼ ἐπὶ Τρώεσσιν ἀλεξήσειν κακὸν ἦμαρ, μηδʼ ὁπότʼ ἂν Τροίη μαλερῷ πυρὶ πᾶσα δάηται καιομένη, καίωσι δʼ ἀρήϊοι υἷες Ἀχαιῶν.",Hera,Poseidon
640,640,404,767,"Homer, Iliad 21.369-21.376",del|que,563,"μή ποτʼ ἐπὶ Τρώεσσιν ἀλεξήσειν κακὸν ἦμαρ, μὴ δʼ ὁπότʼ ἂν Τροίη μαλερῷ πυρὶ πᾶσα δάηται καιομένη, καίωσι δʼ ἀρήϊοι υἷες Ἀχαιῶν.",Scamander,Hera
651,651,420,960,"Homer, Iliad 5.218-5.228",exh|war,120,"ἀλλʼ ἄγʼ ἐμῶν ὀχέων ἐπιβήσεο, ὄφρα ἴδηαι οἷοι Τρώϊοι ἵπποι ἐπιστάμενοι πεδίοιο κραιπνὰ μάλʼ ἔνθα καὶ ἔνθα διωκέμεν ἠδὲ ",Aeneas,Pandarus
652,652,420,1141,"Homer, Iliad 8.102-8.111",inv,210,"ἀλλʼ ἄγʼ ἐμῶν ὀχέων ἐπιβήσεο, ὄφρα ἴδηαι οἷοι Τρώϊοι ἵπποι ἐπιστάμενοι πεδίοιο κραιπνὰ μάλʼ ἔνθα καὶ ἔνθα διωκέμεν ἠδὲ ",Diomedes,Nestor
659,659,425,843,"Homer, Iliad 3.130-3.138",inf,62,"Τρώων θʼ ἱπποδάμων καὶ Ἀχαιῶν χαλκοχιτώνων, οἳ πρὶν ἐπʼ ἀλλήλοισι φέρον πολύδακρυν Ἄρηα ἐν πεδίῳ ὀλοοῖο λιλαιόμενοι πολέμοιο· οἳ δὴ νῦν ἕαται σιγῇ, πόλεμος δὲ πέπαυται, ἀσπίσι κεκλιμένοι, παρὰ δʼ ἔγχεα μακρὰ πέπηγεν. αὐτὰρ Ἀλέξανδρος καὶ ἀρηΐφιλος Μενέλαος μακρῇς ἐγχείῃσι μαχήσονται περὶ σεῖο· τῷ δέ κε νικήσαντι ",Iris,Helena
660,660,425,861,"Homer, Iliad 3.250-3.258",inf,72,Τρώων θʼ ἱπποδάμων καὶ Ἀχαιῶν χαλκοχιτώνων ἐς πεδίον καταβῆναι ἵνʼ ὅρκια πιστὰ τάμητε· αὐτὰρ Ἀλέξανδρος καὶ ἀρηΐφιλος Μενέλαος μακρῇς ἐγχείῃσι μαχήσοντʼ ἀμφὶ γυναικί· τῷ δέ κε νικήσαντι ,Idaeus,Priam
661,661,431,63,"Homer, Iliad 23.570-23.585",cha,632,"Ἀντίλοχον ψεύδεσσι βιησάμενος Μενέλαος οἴχεται ἵππον ἄγων, ὅτι οἱ πολὺ χείρονες ἦσαν ἵπποι, αὐτὸς δὲ κρείσσων ἀρετῇ τε βίῃ τε. ",Menelaus,Antilochus
662,662,431,65,"Homer, Iliad 23.576-23.578",nar,633,"Ἀντίλοχον ψεύδεσσι βιησάμενος Μενέλαος οἴχεται ἵππον ἄγων, ὅτι οἱ πολὺ χείρονες ἦσαν ἵπποι, αὐτὸς δὲ κρείσσων ἀρετῇ τε βίῃ τε.",someone,someone
667,667,446,109,"Homer, Iliad 24.65-24.76",del|inf|nar,654,οὐ γάρ μοί ποτε βωμὸς ἐδεύετο δαιτὸς ἐΐσης λοιβῆς τε κνίσης τε· τὸ γὰρ λάχομεν γέρας ἡμεῖς. ,Zeus,Hera
668,668,446,890,"Homer, Iliad 4.31-4.49",del,87,οὐ γάρ μοί ποτε βωμὸς ἐδεύετο δαιτὸς ἐΐσης λοιβῆς τε κνίσης τε· τὸ γὰρ λάχομεν γέρας ἡμεῖς.,Zeus,Hera
669,669,447,134,"Homer, Iliad 24.287-24.298",del|ins,667,"δʼ οἰωνὸν ταχὺν ἄγγελον, ὅς τέ οἱ αὐτῷ φίλτατος οἰωνῶν, καί εὑ κράτος ἐστὶ μέγιστον, δεξιόν, ὄφρά μιν αὐτὸς ἐν ὀφθαλμοῖσι νοήσας τῷ πίσυνος ἐπὶ νῆας ἴῃς Δαναῶν ταχυπώλων. ",Hecuba,Priam
670,670,447,137,"Homer, Iliad 24.308-24.313",pra|req,669,"δʼ οἰωνὸν ταχὺν ἄγγελον, ὅς τε σοὶ αὐτῷ φίλτατος οἰωνῶν, καί εὑ κράτος ἐστὶ μέγιστον, δεξιόν, ὄφρά μιν αὐτὸς ἐν ὀφθαλμοῖσι νοήσας τῷ πίσυνος ἐπὶ νῆας ἴω Δαναῶν ταχυπώλων.",Priam,Zeus
671,671,448,195,"Homer, Iliad 12.231-12.250",del|thr,322,"σὺ μὲν οὐκ ἔτʼ ἐμοὶ φίλα ταῦτʼ ἀγορεύεις· οἶσθα καὶ ἄλλον μῦθον ἀμείνονα τοῦδε νοῆσαι. εἰ δʼ ἐτεὸν δὴ τοῦτον ἀπὸ σπουδῆς ἀγορεύεις, ἐξ ἄρα δή τοι ἔπειτα θεοὶ φρένας ὤλεσαν αὐτοί, ",Hector,Polydamas
672,672,448,1123,"Homer, Iliad 7.357-7.364",del,199,"σὺ μὲν οὐκέτʼ ἐμοὶ φίλα ταῦτʼ ἀγορεύεις· οἶσθα καὶ ἄλλον μῦθον ἀμείνονα τοῦδε νοῆσαι. εἰ δʼ ἐτεὸν δὴ τοῦτον ἀπὸ σπουδῆς ἀγορεύεις, ἐξ ἄρα δή τοι ἔπειτα θεοὶ φρένας ὤλεσαν αὐτοί. ",Paris,Antenor
683,683,471,191,"Homer, Iliad 12.61-12.79",del,319,"νωνύμνους ἀπολέσθαι ἀπʼ Ἄργεος ἐνθάδʼ Ἀχαιούς· εἰ δέ χʼ ὑποστρέψωσι, παλίωξις δὲ γένηται ἐκ νηῶν καὶ τάφρῳ ἐνιπλήξωμεν ὀρυκτῇ, οὐκέτʼ ἔπειτʼ ὀΐω οὐδʼ ἄγγελον ἀπονέεσθαι ἄψορρον προτὶ ἄστυ ἑλιχθέντων ὑπʼ Ἀχαιῶν. ἀλλʼ ἄγεθʼ ὡς ἂν ἐγὼ εἴπω πειθώμεθα ",Polydamas,Hector
684,684,471,262,"Homer, Iliad 14.65-14.81",del|per,361,"νωνύμνους ἀπολέσθαι ἀπʼ Ἄργεος ἐνθάδʼ Ἀχαιούς. ᾔδεα μὲν γὰρ ὅτε πρόφρων Δαναοῖσιν ἄμυνεν, οἶδα δὲ νῦν ὅτε τοὺς μὲν ὁμῶς μακάρεσσι θεοῖσι κυδάνει, ἡμέτερον δὲ μένος καὶ χεῖρας ἔδησεν. ἀλλʼ ἄγεθʼ ὡς ἂν ἐγὼν εἴπω πειθώμεθα ",Agamemnon,Nestor
687,687,478,863,"Homer, Iliad 3.276-3.291",pra|req,73,"Μενέλαος, Τρῶας ἔπειθʼ Ἑλένην καὶ κτήματα πάντʼ ἀποδοῦναι, τιμὴν δʼ Ἀργείοις ἀποτινέμεν ἥν τινʼ ἔοικεν, ἥ τε καὶ ἐσσομένοισι μετʼ ἀνθρώποισι πέληται. ",Agamemnon,Zeus
688,688,478,885,"Homer, Iliad 3.456-3.460",com,84,"Μενελάου, ὑμεῖς δʼ Ἀργείην Ἑλένην καὶ κτήμαθʼ ἅμʼ αὐτῇ ἔκδοτε, καὶ τιμὴν ἀποτινέμεν ἥν τινʼ ἔοικεν, ἥ τε καὶ ἐσσομένοισι μετʼ ἀνθρώποισι πέληται.",Agamemnon,"Greeks, Trojans"
691,691,492,731,"Homer, Iliad 20.133-20.143",del,533,"οὐκ ἂν ἔγωγʼ ἐθέλοιμι θεοὺς ἔριδι ξυνελάσσαι ἡμέας τοὺς ἄλλους, ἐπεὶ ἦ πολὺ ",Poseidon,Hera
692,692,492,1159,"Homer, Iliad 8.209-8.211",del,219,"οὐκ ἂν ἔγωγʼ ἐθέλοιμι Διὶ Κρονίωνι μάχεσθαι ἡμέας τοὺς ἄλλους, ἐπεὶ ἦ πολὺ ",Poseidon,Hera
693,693,493,292,"Homer, Iliad 14.313-14.328",per,377,"ἄγʼ ἐν φιλότητι τραπείομεν εὐνηθέντε. οὐ γάρ πώ ποτέ μʼ ὧδε θεᾶς ἔρος οὐδὲ γυναικὸς θυμὸν ἐνὶ στήθεσσι περιπροχυθεὶς ἐδάμασσεν, οὐδʼ ὁπότʼ ἠρασάμην Ἰξιονίης ἀλόχοιο, ἣ τέκε Πειρίθοον θεόφιν μήστωρʼ ἀτάλαντον· οὐδʼ ὅτε περ Δανάης καλλισφύρου Ἀκρισιώνης, ἣ τέκε Περσῆα πάντων ἀριδείκετον ἀνδρῶν· οὐδʼ ὅτε Φοίνικος κούρης τηλεκλειτοῖο, ἣ τέκε μοι Μίνων τε καὶ ἀντίθεον Ῥαδάμανθυν· οὐδʼ ὅτε περ Σεμέλης οὐδʼ Ἀλκμήνης ἐνὶ Θήβῃ, ἥ ῥʼ Ἡρακλῆα κρατερόφρονα γείνατο παῖδα· ἣ δὲ Διώνυσον Σεμέλη τέκε χάρμα βροτοῖσιν· οὐδʼ ὅτε Δήμητρος καλλιπλοκάμοιο ἀνάσσης, οὐδʼ ὁπότε Λητοῦς ἐρικυδέος, οὐδὲ σεῦ αὐτῆς, ὡς σέο νῦν ἔραμαι καί με γλυκὺς ἵμερος αἱρεῖ.",Zeus,Hera
694,694,493,883,"Homer, Iliad 3.438-3.446",per,83,"ἄγε δὴ φιλότητι τραπείομεν εὐνηθέντε· οὐ γάρ πώ ποτέ μʼ ὧδέ γʼ ἔρως φρένας ἀμφεκάλυψεν, οὐδʼ ὅτε σε πρῶτον Λακεδαίμονος ἐξ ἐρατεινῆς ἔπλεον ἁρπάξας ἐν ποντοπόροισι νέεσσι, νήσῳ δʼ ἐν Κραναῇ ἐμίγην φιλότητι καὶ εὐνῇ, ὥς σεο νῦν ἔραμαι καί με γλυκὺς ἵμερος αἱρεῖ.",Paris,Helena
695,695,498,733,"Homer, Iliad 20.200-20.258",del|nar,535,"Πηλεΐδη μὴ δὴ ἐπέεσσί με νηπύτιον ὣς ἔλπεο δειδίξεσθαι, ἐπεὶ σάφα οἶδα καὶ αὐτὸς ἠμὲν κερτομίας ἠδʼ αἴσυλα μυθήσασθαι. ",Aeneas,Achilles
696,696,498,746,"Homer, Iliad 20.431-20.437",cha,546,"Πηλεΐδη μὴ δὴ ἐπέεσσί με νηπύτιον ὣς ἔλπεο δειδίξεσθαι, ἐπεὶ σάφα οἶδα καὶ αὐτὸς ἠμὲν κερτομίας ἠδʼ αἴσυλα μυθήσασθαι. ",Hector,Achilles
697,697,500,801,"Homer, Iliad 22.338-22.343",des|req,597,"σῶμα δὲ οἴκαδʼ ἐμὸν δόμεναι πάλιν, ὄφρα πυρός με Τρῶες καὶ Τρώων ἄλοχοι λελάχωσι θανόντα.",Hector,Achilles
698,698,500,1091,"Homer, Iliad 7.67-7.91",del,182,"σῶμα δὲ οἴκαδʼ ἐμὸν δόμεναι πάλιν, ὄφρα πυρός με Τρῶες καὶ Τρώων ἄλοχοι λελάχωσι θανόντα. ",Hector,"Greeks, Trojans"
699,699,503,30,"Homer, Iliad 9.225-9.306",del|gre|inf|nar|per,240,μή ποτε τῆς εὐνῆς ἐπιβήμεναι ἠδὲ μιγῆναι ἣ θέμις ἐστὶν ἄναξ ἤτʼ ἀνδρῶν ἤτε ,Odysseus,Achilles
700,700,503,712,"Homer, Iliad 19.155-19.183",com|del|ins,514,μή ποτε τῆς εὐνῆς ἐπιβήμεναι ἠδὲ μιγῆναι· ἣ θέμις ἐστὶν ἄναξ ἤ τʼ ἀνδρῶν ἤ τε ,Odysseus,Greeks
701,701,507,1068,"Homer, Iliad 6.441-6.465",des|lam,171,Ἕκτορος ἥδε γυνὴ ὃς ἀριστεύεσκε μάχεσθαι Τρώων ἱπποδάμων ὅτε Ἴλιον ἀμφεμάχοντο. ,Hector,Andromache
702,702,507,1071,"Homer, Iliad 6.460-6.461",inf,172,Ἕκτορος ἥδε γυνὴ ὃς ἀριστεύεσκε μάχεσθαι Τρώων ἱπποδάμων ὅτε Ἴλιον ἀμφεμάχοντο.,someone,someone
709,709,519,707,"Homer, Iliad 19.78-19.144",del|exh|nar,509,"ψευστήσεις, οὐδʼ αὖτε τέλος μύθῳ ἐπιθήσεις. εἰ δʼ ἄγε νῦν μοι ὄμοσσον Ὀλύμπιε καρτερὸν ὅρκον, ἦ μὲν τὸν πάντεσσι περικτιόνεσσιν ἀνάξειν ὅς κεν ἐπʼ ἤματι τῷδε πέσῃ μετὰ ποσσὶ γυναικὸς τῶν ἀνδρῶν οἳ σῆς ἐξ αἵματός εἰσι γενέθλης. ",Agamemnon,Greeks
710,710,519,709,"Homer, Iliad 19.107-19.111",cha|req|vit,511,"ψευστήσεις, οὐδʼ αὖτε τέλος μύθῳ ἐπιθήσεις. εἰ δʼ ἄγε νῦν μοι ὄμοσσον Ὀλύμπιε καρτερὸν ὅρκον, ἦ μὲν τὸν πάντεσσι περικτιόνεσσιν ἀνάξειν ὅς κεν ἐπʼ ἤματι τῷδε πέσῃ μετὰ ποσσὶ γυναικὸς τῶν ἀνδρῶν οἳ σῆς ἐξ αἵματός εἰσι γενέθλης.",Hera,Zeus
711,711,528,625,"Homer, Iliad 16.440-16.457",del|per|war,430,"Λυκίης εὐρείης δῆμον ἵκωνται, ἔνθά ἑ ταρχύσουσι κασίγνητοί τε ἔται τε τύμβῳ τε στήλῃ τε· τὸ γὰρ γέρας ἐστὶ θανόντων.",Hera,Zeus
712,712,528,635,"Homer, Iliad 16.667-16.675",com|ins,438,"Λυκίης εὐρείης πίονι δήμῳ, ἔνθά ἑ ταρχύσουσι κασίγνητοί τε ἔται τε τύμβῳ τε στήλῃ τε· τὸ γὰρ γέρας ἐστὶ θανόντων.",Zeus,Apollo
713,713,530,684,"Homer, Iliad 18.98-18.126",del|req,486,"ἐπεὶ οὐκ ἄρʼ ἔμελλον ἑταίρῳ κτεινομένῳ ἐπαμῦναι· ὃ μὲν μάλα τηλόθι πάτρης ἔφθιτʼ, ἐμεῖο δὲ δῆσεν ἀρῆς ἀλκτῆρα γενέσθαι. νῦν δʼ ἐπεὶ οὐ νέομαί γε φίλην ἐς πατρίδα γαῖαν, ",Achilles,Thetis
714,714,530,1005,"Homer, Iliad 5.684-5.688",req,142,ἐπεὶ οὐκ ἄρʼ ἔμελλον ἔγωγε νοστήσας οἶκον δὲ φίλην ἐς πατρίδα γαῖαν ,Sarpedon,Hector
715,715,548,77,"Homer, Iliad 10.204-10.217",del|que,265,"ἅσσά τε μητιόωσι μετὰ σφίσιν, ἢ μεμάασιν αὖθι μένειν παρὰ νηυσὶν ἀπόπροθεν, ἦε πόλιν δὲ ἂψ ἀναχωρήσουσιν, ἐπεὶ δαμάσαντό γʼ Ἀχαιούς. ",Nestor,Greeks
716,716,548,105,"Homer, Iliad 10.401-10.411",que,280,"ἅσσά τε μητιόωσι μετὰ σφίσιν, ἢ μεμάασιν αὖθι μένειν παρὰ νηυσὶν ἀπόπροθεν, ἦε πόλιν δὲ ἂψ ἀναχωρήσουσιν, ἐπεὶ δαμάσαντό γʼ Ἀχαιούς.",Odysseus,Dolon
725,725,566,105,"Homer, Iliad 10.401-10.411",que,280,"ἵππων Αἰακίδαο δαΐφρονος· οἳ δʼ ἀλεγεινοὶ ἀνδράσι γε θνητοῖσι δαμήμεναι ἠδʼ ὀχέεσθαι ἄλλῳ γʼ ἢ Ἀχιλῆϊ, τὸν ἀθανάτη τέκε μήτηρ. ",Odysseus,Dolon
726,726,566,647,"Homer, Iliad 17.75-17.81",inf,449,"ἵππους Αἰακίδαο δαΐφρονος· οἳ δʼ ἀλεγεινοὶ ἀνδράσι γε θνητοῖσι δαμήμεναι ἠδʼ ὀχέεσθαι ἄλλῳ γʼ ἢ Ἀχιλῆϊ, τὸν ἀθανάτη τέκε μήτηρ. ",Apollo,Hector
727,727,568,331,"Homer, Iliad 15.158-15.167",com|ins,395,"παυσάμενόν μιν ἄνωχθι μάχης ἠδὲ πτολέμοιο ἔρχεσθαι μετὰ φῦλα θεῶν ἢ εἰς ἅλα δῖαν. εἰ δέ μοι οὐκ ἐπέεσσʼ ἐπιπείσεται, ἀλλʼ ἀλογήσει, φραζέσθω δὴ ἔπειτα κατὰ φρένα καὶ κατὰ θυμὸν μή μʼ οὐδὲ κρατερός περ ἐὼν ἐπιόντα ταλάσσῃ μεῖναι, ἐπεί εὑ φημὶ βίῃ πολὺ φέρτερος εἶναι καὶ γενεῇ πρότερος· τοῦ δʼ οὐκ ὄθεται φίλον ἦτορ ἶσον ἐμοὶ φάσθαι, τόν τε στυγέουσι καὶ ἄλλοι.",Zeus,Iris
728,728,568,333,"Homer, Iliad 15.174-15.183",mes|thr,396,"παυσάμενόν σʼ ἐκέλευσε μάχης ἠδὲ πτολέμοιο ἔρχεσθαι μετὰ φῦλα θεῶν ἢ εἰς ἅλα δῖαν. εἰ δέ οἱ οὐκ ἐπέεσσʼ ἐπιπείσεαι, ἀλλʼ ἀλογήσεις, ἠπείλει καὶ κεῖνος ἐναντίβιον πολεμίξων ἐνθάδʼ ἐλεύσεσθαι· σὲ δʼ ὑπεξαλέασθαι ἄνωγε χεῖρας, ἐπεὶ σέο φησὶ βίῃ πολὺ φέρτερος εἶναι καὶ γενεῇ πρότερος· σὸν δʼ οὐκ ὄθεται φίλον ἦτορ ἶσόν οἱ φάσθαι, τόν τε στυγέουσι καὶ ἄλλοι.",Iris,Poseidon
733,733,577,23,"Homer, Iliad 9.115-9.161",com|del|per,236,"δῶρʼ ὀνομήνω ἕπτʼ ἀπύρους τρίποδας, δέκα δὲ χρυσοῖο τάλαντα, αἴθωνας δὲ λέβητας ἐείκοσι, δώδεκα δʼ ἵππους πηγοὺς ἀθλοφόρους, οἳ ἀέθλια ποσσὶν ἄροντο. οὔ κεν ἀλήϊος εἴη ἀνὴρ ᾧ τόσσα γένοιτο, οὐδέ κεν ἀκτήμων ἐριτίμοιο χρυσοῖο, ὅσσά μοι ἠνείκαντο ἀέθλια μώνυχες ἵπποι. δώσω δʼ ἑπτὰ γυναῖκας ἀμύμονα ἔργα ἰδυίας Λεσβίδας, ἃς ὅτε Λέσβον ἐϋκτιμένην ἕλεν αὐτὸς ἐξελόμην, αἳ κάλλει ἐνίκων φῦλα γυναικῶν. τὰς μέν οἱ δώσω, μετὰ δʼ ἔσσεται ἣν τότʼ ἀπηύρων κούρη Βρισῆος· ἐπὶ δὲ μέγαν ὅρκον ὀμοῦμαι μή ποτε τῆς εὐνῆς ἐπιβήμεναι ἠδὲ μιγῆναι, ἣ θέμις ἀνθρώπων πέλει ἀνδρῶν ἠδὲ γυναικῶν. ταῦτα μὲν αὐτίκα πάντα παρέσσεται· εἰ δέ κεν αὖτε ἄστυ μέγα Πριάμοιο θεοὶ δώωσʼ ἀλαπάξαι, νῆα ἅλις χρυσοῦ καὶ χαλκοῦ νηησάσθω εἰσελθών, ὅτε κεν δατεώμεθα ληΐδʼ Ἀχαιοί, Τρωϊάδας δὲ γυναῖκας ἐείκοσιν αὐτὸς ἑλέσθω, αἴ κε μετʼ Ἀργείην Ἑλένην κάλλισται ἔωσιν. εἰ δέ κεν Ἄργος ἱκοίμεθʼ Ἀχαιϊκὸν οὖθαρ ἀρούρης γαμβρός κέν μοι ἔοι· τίσω δέ μιν ἶσον Ὀρέστῃ, ὅς μοι τηλύγετος τρέφεται θαλίῃ ἔνι πολλῇ. τρεῖς δέ μοί εἰσι θύγατρες ἐνὶ μεγάρῳ εὐπήκτῳ Χρυσόθεμις καὶ Λαοδίκη καὶ Ἰφιάνασσα, τάων ἥν κʼ ἐθέλῃσι φίλην ἀνάεδνον ἀγέσθω πρὸς οἶκον Πηλῆος· ἐγὼ δʼ ἐπὶ μείλια δώσω πολλὰ μάλʼ, ὅσσʼ οὔ πώ τις ἑῇ ἐπέδωκε θυγατρί· ἑπτὰ δέ οἱ δώσω εὖ ναιόμενα πτολίεθρα Καρδαμύλην Ἐνόπην τε καὶ Ἱρὴν ποιήεσσαν Φηράς τε ζαθέας ἠδʼ Ἄνθειαν βαθύλειμον καλήν τʼ Αἴπειαν καὶ Πήδασον ἀμπελόεσσαν. πᾶσαι δʼ ἐγγὺς ἁλός, νέαται Πύλου ἠμαθόεντος· ἐν δʼ ἄνδρες ναίουσι πολύρρηνες πολυβοῦται, οἵ κέ ἑ δωτίνῃσι θεὸν ὣς τιμήσουσι καί οἱ ὑπὸ σκήπτρῳ λιπαρὰς τελέουσι θέμιστας. ταῦτά κέ οἱ τελέσαιμι μεταλήξαντι χόλοιο. ",Agamemnon,Nestor
734,734,577,30,"Homer, Iliad 9.225-9.306",del|gre|inf|nar|per,240,"δῶρʼ Ἀγαμέμνων· ἕπτʼ ἀπύρους τρίποδας, δέκα δὲ χρυσοῖο τάλαντα, αἴθωνας δὲ λέβητας ἐείκοσι, δώδεκα δʼ ἵππους πηγοὺς ἀθλοφόρους, οἳ ἀέθλια ποσσὶν ἄροντο. οὔ κεν ἀλήϊος εἴη ἀνὴρ ᾧ τόσσα γένοιτο οὐδέ κεν ἀκτήμων ἐριτίμοιο χρυσοῖο, ὅσσʼ Ἀγαμέμνονος ἵπποι ἀέθλια ποσσὶν ἄροντο. δώσει δʼ ἑπτὰ γυναῖκας ἀμύμονα ἔργα ἰδυίας Λεσβίδας, ἃς ὅτε Λέσβον ἐϋκτιμένην ἕλες αὐτὸς ἐξέλεθʼ, αἳ τότε κάλλει ἐνίκων φῦλα γυναικῶν. τὰς μέν τοι δώσει, μετὰ δʼ ἔσσεται ἣν τότʼ ἀπηύρα κούρη Βρισῆος· ἐπὶ δὲ μέγαν ὅρκον ὀμεῖται μή ποτε τῆς εὐνῆς ἐπιβήμεναι ἠδὲ μιγῆναι ἣ θέμις ἐστὶν ἄναξ ἤτʼ ἀνδρῶν ἤτε γυναικῶν. ταῦτα μὲν αὐτίκα πάντα παρέσσεται· εἰ δέ κεν αὖτε ἄστυ μέγα Πριάμοιο θεοὶ δώωσʼ ἀλαπάξαι, νῆα ἅλις χρυσοῦ καὶ χαλκοῦ νηήσασθαι εἰσελθών, ὅτε κεν δατεώμεθα ληΐδʼ Ἀχαιοί, Τρωϊάδας δὲ γυναῖκας ἐείκοσιν αὐτὸς ἑλέσθαι, αἵ κε μετʼ Ἀργείην Ἑλένην κάλλισται ἔωσιν. εἰ δέ κεν Ἄργος ἱκοίμεθʼ Ἀχαιϊκὸν οὖθαρ ἀρούρης γαμβρός κέν οἱ ἔοις· τίσει δέ σε ἶσον Ὀρέστῃ, ὅς οἱ τηλύγετος τρέφεται θαλίῃ ἔνι πολλῇ. τρεῖς δέ οἵ εἰσι θύγατρες ἐνὶ μεγάρῳ εὐπήκτῳ Χρυσόθεμις καὶ Λαοδίκη καὶ Ἰφιάνασσα, τάων ἥν κʼ ἐθέλῃσθα φίλην ἀνάεδνον ἄγεσθαι πρὸς οἶκον Πηλῆος· ὃ δʼ αὖτʼ ἐπὶ μείλια δώσει πολλὰ μάλʼ, ὅσσʼ οὔ πώ τις ἑῇ ἐπέδωκε θυγατρί· ἑπτὰ δέ τοι δώσει εὖ ναιόμενα πτολίεθρα Καρδαμύλην Ἐνόπην τε καὶ Ἱρὴν ποιήεσσαν Φηράς τε ζαθέας ἠδʼ Ἄνθειαν βαθύλειμον καλήν τʼ Αἴπειαν καὶ Πήδασον ἀμπελόεσσαν. πᾶσαι δʼ ἐγγὺς ἁλός, νέαται Πύλου ἠμαθόεντος· ἐν δʼ ἄνδρες ναίουσι πολύρρηνες πολυβοῦται, οἵ κέ σε δωτίνῃσι θεὸν ὣς τιμήσουσι καί τοι ὑπὸ σκήπτρῳ λιπαρὰς τελέουσι θέμιστας. ταῦτά κέ τοι τελέσειε μεταλήξαντι χόλοιο. ",Odysseus,Achilles
739,739,610,821,"Homer, Iliad 2.370-2.393",exh|lau|pra|thr,53,αἲ γὰρ Ζεῦ τε πάτερ καὶ Ἀθηναίη καὶ Ἄπολλον τοιοῦτοι δέκα μοι συμφράδμονες εἶεν Ἀχαιῶν· τώ κε τάχʼ ἠμύσειε πόλις Πριάμοιο ἄνακτος χερσὶν ὑφʼ ἡμετέρῃσιν ἁλοῦσά τε περθομένη τε. ,Agamemnon,"Apollo, Athena, Greeks, Nestor, Zeus"
740,740,610,919,"Homer, Iliad 4.285-4.291",des,102,αἲ γὰρ Ζεῦ τε πάτερ καὶ Ἀθηναίη καὶ Ἄπολλον τοῖος πᾶσιν θυμὸς ἐνὶ στήθεσσι γένοιτο· τώ κε τάχʼ ἠμύσειε πόλις Πριάμοιο ἄνακτος χερσὶν ὑφʼ ἡμετέρῃσιν ἁλοῦσά τε περθομένη τε.,Agamemnon,"Aias (son of Oileus), Aias (son of Telamon)"
745,745,651,9,"Homer, Iliad 23.19-23.23",vow,609,χαῖρέ μοι ὦ Πάτροκλε καὶ εἰν Ἀΐδαο δόμοισι· πάντα γὰρ ἤδη τοι τελέω τὰ πάροιθεν ὑπέστην ,Achilles,Patroclus
746,746,651,26,"Homer, Iliad 23.179-23.183",inf,616,"χαῖρέ μοι ὦ Πάτροκλε καὶ εἰν Ἀΐδαο δόμοισι· πάντα γὰρ ἤδη τοι τελέω τὰ πάροιθεν ὑπέστην, ",Achilles,Patroclus
747,747,652,9,"Homer, Iliad 23.19-23.23",vow,609,δώδεκα δὲ προπάροιθε πυρῆς ἀποδειροτομήσειν Τρώων ἀγλαὰ τέκνα σέθεν κταμένοιο χολωθείς.,Achilles,Patroclus
748,748,652,694,"Homer, Iliad 18.324-18.342",del|vow,496,δώδεκα δὲ προπάροιθε πυρῆς ἀποδειροτομήσω Τρώων ἀγλαὰ τέκνα σέθεν κταμένοιο χολωθείς. ,Achilles,"Achilles, Patroclus"
751,751,668,640,"Homer, Iliad 16.830-16.842",tau,442,μή μοι πρὶν ἰέναι Πατρόκλεες ἱπποκέλευθε νῆας ἔπι γλαφυρὰς πρὶν Ἕκτορος ἀνδροφόνοιο αἱματόεντα χιτῶνα περὶ στήθεσσι δαΐξαι. ,Hector,Patroclus
752,752,668,641,"Homer, Iliad 16.839-16.841",com,443,μή μοι πρὶν ἰέναι Πατρόκλεες ἱπποκέλευθε νῆας ἔπι γλαφυρὰς πρὶν Ἕκτορος ἀνδροφόνοιο αἱματόεντα χιτῶνα περὶ στήθεσσι δαΐξαι.,Achilles,Patroclus
755,755,732,1091,"Homer, Iliad 7.67-7.91",del,182,"ἀνδρὸς μὲν τόδε σῆμα πάλαι κατατεθνηῶτος, ὅν ποτʼ ἀριστεύοντα κατέκτανε φαίδιμος Ἕκτωρ. ",Hector,"Greeks, Trojans"
756,756,732,1092,"Homer, Iliad 7.89-7.90",inf,183,"ἀνδρὸς μὲν τόδε σῆμα πάλαι κατατεθνηῶτος, ὅν ποτʼ ἀριστεύοντα κατέκτανε φαίδιμος Ἕκτωρ.",someone,someone
