cluster	reference	dices_speech_id	speaker	addressee	text	notes	evaluation (against exp6)
001	Hom. Il. 2.11-2.15	37	Zeus	Oneirus	θωρῆξαί ἑ κέλευε κάρη κομόωντας Ἀχαιοὺς πανσυδίῃ· νῦν γάρ κεν ἕλοι πόλιν εὐρυάγυιαν Τρώων· οὐ γὰρ ἔτʼ ἀμφὶς Ὀλύμπια δώματʼ ἔχοντες ἀθάνατοι φράζονται· ἐπέγναμψεν γὰρ ἅπαντας Ἥρη λισσομένη, Τρώεσσι δὲ κήδεʼ ἐφῆπται.		Matched predicted cluster 54 (spurious-match)
001	Hom. Il. 2.28-2.32	38	Oneirus	Agamemnon	θωρῆξαί σε κέλευσε κάρη κομόωντας Ἀχαιοὺς πανσυδίῃ· νῦν γάρ κεν ἕλοις πόλιν εὐρυάγυιαν Τρώων· οὐ γὰρ ἔτʼ ἀμφὶς Ὀλύμπια δώματʼ ἔχοντες ἀθάνατοι φράζονται· ἐπέγναμψεν γὰρ ἅπαντας Ἥρη λισσομένη, Τρώεσσι δὲ κήδεʼ ἐφῆπται		Matched predicted cluster 54 (spurious-match)
001	Hom. Il. 2.66-2.69	40	Agamemnon	Greek leaders	θωρῆξαί σε κέλευσε κάρη κομόωντας Ἀχαιοὺς πανσυδίῃ· νῦν γάρ κεν ἕλοις πόλιν εὐρυάγυιαν Τρώων· οὐ γὰρ ἔτʼ ἀμφὶς Ὀλύμπια δώματʼ ἔχοντες ἀθάνατοι φράζονται· ἐπέγναμψεν γὰρ ἅπαντας Ἥρη λισσομένη, Τρώεσσι δὲ κήδεʼ ἐφῆπται	This is passage is not listed by de Jong in the table of Appendix 5 but it's mentioned at p. 181. 	Matched predicted cluster 54 (spurious-match)
002	Hom. Il. 2.23-33	38	Oneirus	Agamemnon	εὕδεις Ἀτρέος υἱὲ δαΐφρονος ἱπποδάμοιο· οὐ χρὴ παννύχιον εὕδειν βουληφόρον ἄνδρα ᾧ λαοί τʼ ἐπιτετράφαται καὶ τόσσα μέμηλε· νῦν δʼ ἐμέθεν ξύνες ὦκα· Διὸς δέ τοι ἄγγελός εἰμι, ὃς σεῦ ἄνευθεν ἐὼν μέγα κήδεται ἠδʼ ἐλεαίρει. θωρῆξαί σε κέλευσε κάρη κομόωντας Ἀχαιοὺς πανσυδίῃ· νῦν γάρ κεν ἕλοις πόλιν εὐρυάγυιαν Τρώων· οὐ γὰρ ἔτʼ ἀμφὶς Ὀλύμπια δώματʼ ἔχοντες ἀθάνατοι φράζονται· ἐπέγναμψεν γὰρ ἅπαντας Ἥρη λισσομένη, Τρώεσσι δὲ κήδεʼ ἐφῆπται ἐκ Διός· ἀλλὰ σὺ σῇσιν ἔχε φρεσί,	We decided to take the whole speech as 002 cluster (Oneirus' introduction + Zeus' message 001 cluster + Oneirus' conclusion). This means that the passage Hom. Il. 2.11-2.15 appears several times in our dataset in different clusters. We adopt the criterion of the "larger box"	Matched predicted cluster 54 (spurious-match)
002	Hom. Il. 2.60-70	40	Agamemnon	Greek leaders	εὕδεις Ἀτρέος υἱὲ δαΐφρονος ἱπποδάμοιο· οὐ χρὴ παννύχιον εὕδειν βουληφόρον ἄνδρα, ᾧ λαοί τʼ ἐπιτετράφαται καὶ τόσσα μέμηλε· νῦν δʼ ἐμέθεν ξύνες ὦκα· Διὸς δέ τοι ἄγγελός εἰμι, ὃς σεῦ ἄνευθεν ἐὼν μέγα κήδεται ἠδʼ ἐλεαίρει· θωρῆξαί σε κέλευσε κάρη κομόωντας Ἀχαιοὺς πανσυδίῃ· νῦν γάρ κεν ἕλοις πόλιν εὐρυάγυιαν Τρώων· οὐ γὰρ ἔτʼ ἀμφὶς Ὀλύμπια δώματʼ ἔχοντες ἀθάνατοι φράζονται· ἐπέγναμψεν γὰρ ἅπαντας Ἥρη λισσομένη, Τρώεσσι δὲ κήδεʼ ἐφῆπται ἐκ Διός· ἀλλὰ σὺ σῇσιν ἔχε φρεσίν·		Matched predicted cluster 54 (spurious-match)
003	Hom. Il. 2.158-165	43	Hera	Athena	οὕτω δὴ οἶκον δὲ φίλην ἐς πατρίδα γαῖαν Ἀργεῖοι φεύξονται ἐπʼ εὐρέα νῶτα θαλάσσης, κὰδ δέ κεν εὐχωλὴν Πριάμῳ καὶ Τρωσὶ λίποιεν Ἀργείην Ἑλένην, ἧς εἵνεκα πολλοὶ Ἀχαιῶν ἐν Τροίῃ ἀπόλοντο φίλης ἀπὸ πατρίδος αἴης· ἀλλʼ ἴθι νῦν κατὰ λαὸν Ἀχαιῶν χαλκοχιτώνων· σοῖς ἀγανοῖς ἐπέεσσιν ἐρήτυε φῶτα ἕκαστον, μηδὲ ἔα νῆας ἅλα δʼ ἑλκέμεν ἀμφιελίσσας.		Matched predicted cluster 58 (exact-match)
003	Hom. Il. 2.174-181	44	Athena	Odysseus	οὕτω δὴ οἶκον δὲ φίλην ἐς πατρίδα γαῖαν φεύξεσθʼ ἐν νήεσσι πολυκλήϊσι πεσόντες, κὰδ δέ κεν εὐχωλὴν Πριάμῳ καὶ Τρωσὶ λίποιτε Ἀργείην Ἑλένην, ἧς εἵνεκα πολλοὶ Ἀχαιῶν ἐν Τροίῃ ἀπόλοντο φίλης ἀπὸ πατρίδος αἴης; ἀλλʼ ἴθι νῦν κατὰ λαὸν Ἀχαιῶν, μηδʼ ἔτʼ ἐρώει, σοῖς δʼ ἀγανοῖς ἐπέεσσιν ἐρήτυε φῶτα ἕκαστον, μηδὲ ἔα νῆας ἅλα δʼ ἑλκέμεν ἀμφιελίσσας.		Matched predicted cluster 58 (exact-match)
004	Hom. Il. 3.68-73	58	Paris	Hector	ἄλλους μὲν κάθισον Τρῶας καὶ πάντας Ἀχαιούς, αὐτὰρ ἔμʼ ἐν μέσσῳ καὶ ἀρηΐφιλον Μενέλαον συμβάλετʼ ἀμφʼ Ἑλένῃ καὶ κτήμασι πᾶσι μάχεσθαι· ὁππότερος δέ κε νικήσῃ κρείσσων τε γένηται, κτήμαθʼ ἑλὼν εὖ πάντα γυναῖκά τε οἴκαδʼ ἀγέσθω· οἳ δʼ ἄλλοι φιλότητα καὶ ὅρκια πιστὰ ταμόντες 		Matched predicted cluster 144 (partial-match)
004	Hom. Il. 3.88-94	60	Hector	Greeks/Trojans	ἄλλους μὲν κέλεται Τρῶας καὶ πάντας Ἀχαιοὺς τεύχεα κάλʼ ἀποθέσθαι ἐπὶ χθονὶ πουλυβοτείρῃ, αὐτὸν δʼ ἐν μέσσῳ καὶ ἀρηΐφιλον Μενέλαον οἴους ἀμφʼ Ἑλένῃ καὶ κτήμασι πᾶσι μάχεσθαι. ὁππότερος δέ κε νικήσῃ κρείσσων τε γένηται κτήμαθʼ ἑλὼν εὖ πάντα γυναῖκά τε οἴκαδʼ ἀγέσθω· οἳ δʼ ἄλλοι φιλότητα καὶ ὅρκια πιστὰ τάμωμεν.		Matched predicted cluster 144 (partial-match)
004	Hom. Il. 3.253-258	72	Idaius	Priam	αὐτὰρ Ἀλέξανδρος καὶ ἀρηΐφιλος Μενέλαος μακρῇς ἐγχείῃσι μαχήσοντʼ ἀμφὶ γυναικί· τῷ δέ κε νικήσαντι γυνὴ καὶ κτήμαθʼ ἕποιτο· οἳ δʼ ἄλλοι φιλότητα καὶ ὅρκια πιστὰ ταμόντες.		Matched predicted cluster 144 (partial-match)
004	Hom. Il. 3.276-287	73	Agamemnon	Zeus	εἰ μέν κεν Μενέλαον Ἀλέξανδρος καταπέφνῃ αὐτὸς ἔπειθʼ Ἑλένην ἐχέτω καὶ κτήματα πάντα, ἡμεῖς δʼ ἐν νήεσσι νεώμεθα ποντοπόροισιν· εἰ δέ κʼ Ἀλέξανδρον κτείνῃ ξανθὸς Μενέλαος, Τρῶας ἔπειθʼ Ἑλένην καὶ κτήματα πάντʼ ἀποδοῦναι, τιμὴν δʼ Ἀργείοις ἀποτινέμεν ἥν τινʼ ἔοικεν, ἥ τε καὶ ἐσσομένοισι μετʼ ἀνθρώποισι πέληται. 	similar content, different wording: Passim cannot detect that	Matched predicted cluster 144 (partial-match)
005	Hom. Il. 3.74-75	58	Paris	Hector	ναίοιμεν Τροίην ἐριβώλακα, τοὶ δὲ νέονται Ἄργος ἐς ἱππόβοτον καὶ Ἀχαιΐδα καλλιγύναικα		Missed by evaluation, but it corresponds to predicted cluster 144 (spurious-match)
005	Hom. Il. 3.259-260	72	Idaius	Priam	ναίοιμεν Τροίην ἐριβώλακα, τοὶ δὲ νέονται Ἄργος ἐς ἱππόβοτον καὶ Ἀχαιΐδα καλλιγύναικα		Missed by evaluation, but it corresponds to predicted cluster 144 (spurious-match)
006	Hom. Il. 4.66-67	88	Hera	Zeus	πειρᾶν δʼ ὥς κε Τρῶες ὑπερκύδαντας Ἀχαιοὺς ἄρξωσι πρότεροι ὑπὲρ ὅρκια δηλήσασθαι.		Matched predicted cluster 185 (exact-match)
006	Hom. Il. 4.71-72	89	Zeus	Athena	πειρᾶν δʼ ὥς κε Τρῶες ὑπερκύδαντας Ἀχαιοὺς ἄρξωσι πρότεροι ὑπὲρ ὅρκια δηλήσασθαι.		Matched predicted cluster 185 (exact-match)
007	Hom. Il. 4.195-197	96	Agamemnon	Talthybius	ὄφρα ἴδῃ Μενέλαον ἀρήϊον Ἀτρέος υἱόν, ὅν τις ὀϊστεύσας ἔβαλεν τόξων ἐῢ εἰδὼς Τρώων ἢ Λυκίων, τῷ μὲν κλέος, ἄμμι δὲ πένθος.		Matched predicted cluster 280 (exact-match)
007	Hom. Il. 4. 205-207	97	Talthybius	Machaon	ὄφρα ἴδῃς Μενέλαον ἀρήϊον ἀρχὸν Ἀχαιῶν, ὅν τις ὀϊστεύσας ἔβαλεν τόξων ἐῢ εἰδὼς Τρώων ἢ Λυκίων, τῷ μὲν κλέος, ἄμμι δὲ πένθος.		Matched predicted cluster 280 (exact-match)
008	Hom. Il. 6.90-97	155	Helenus	Hector	πέπλον, ὅς οἱ δοκέει χαριέστατος ἠδὲ μέγιστος εἶναι ἐνὶ μεγάρῳ καί οἱ πολὺ φίλτατος αὐτῇ, θεῖναι Ἀθηναίης ἐπὶ γούνασιν ἠϋκόμοιο, καί οἱ ὑποσχέσθαι δυοκαίδεκα βοῦς ἐνὶ νηῷ ἤνις ἠκέστας ἱερευσέμεν, αἴ κʼ ἐλεήσῃ ἄστύ τε καὶ Τρώων ἀλόχους καὶ νήπια τέκνα, ὥς κεν Τυδέος υἱὸν ἀπόσχῃ Ἰλίου ἱρῆς ἄγριον αἰχμητὴν κρατερὸν μήστωρα φόβοιο.		Matched predicted cluster 88 (spurious-match)
008	Hom. Il. 6.271-278	162	Hector	Hecabe	πέπλον δʼ, ὅς τίς τοι χαριέστατος ἠδὲ μέγιστος ἔστιν ἐνὶ μεγάρῳ καί τοι πολὺ φίλτατος αὐτῇ, τὸν θὲς Ἀθηναίης ἐπὶ γούνασιν ἠϋκόμοιο, καί οἱ ὑποσχέσθαι δυοκαίδεκα βοῦς ἐνὶ νηῷ ἤνις ἠκέστας ἱερευσέμεν, αἴ κʼ ἐλεήσῃ ἄστύ τε καὶ Τρώων ἀλόχους καὶ νήπια τέκνα, αἴ κεν Τυδέος υἱὸν ἀπόσχῃ Ἰλίου ἱρῆς ἄγριον αἰχμητὴν κρατερὸν μήστωρα φόβοιο.		Matched predicted cluster 88 (spurious-match)
009	Hom. Il. 6.93-95	155	Helenus	Hector	καί οἱ ὑποσχέσθαι δυοκαίδεκα βοῦς ἐνὶ νηῷ ἤνις ἠκέστας ἱερευσέμεν, αἴ κʼ ἐλεήσῃ ἄστύ τε καὶ Τρώων ἀλόχους καὶ νήπια τέκνα		Matched predicted cluster 88 (exact-match)
009	Hom. Il. 6.274-276	162	Hector	Hecabe	καί οἱ ὑποσχέσθαι δυοκαίδεκα βοῦς ἐνὶ νηῷ ἤνις ἠκέστας ἱερευσέμεν, αἴ κʼ ἐλεήσῃ ἄστύ τε καὶ Τρώων ἀλόχους καὶ νήπια τέκνα		Matched predicted cluster 88 (exact-match)
009	Hom. Il. 6.308-310	163	Theano	Athena	ὄφρά τοι αὐτίκα νῦν δυοκαίδεκα βοῦς ἐνὶ νηῷ ἤνις ἠκέστας ἱερεύσομεν, αἴ κʼ ἐλεήσῃς ἄστύ τε καὶ Τρώων ἀλόχους καὶ νήπια τέκνα.	Not listed by deJong as mess-speech (correctely in my view). Theano reformulates the first part of the prayer.	Matched predicted cluster 88 (exact-match)
010	Hom. Il. 7.40	180	Apollo	Athena	ἀντίβιον μαχέσασθαι ἐν αἰνῇ δηϊοτῆτι	differently listed in deJong's appendix	
010	Hom. Il. 7.51	181	Helenus	Hector	ἀντίβιον μαχέσασθαι ἐν αἰνῇ δηϊοτῆτι		
011	Hom. Il. 7.362-364	199	Paris 	Trojans	ἀντικρὺ δʼ ἀπόφημι γυναῖκα μὲν οὐκ ἀποδώσω· κτήματα δʼ ὅσσʼ ἀγόμην ἐξ Ἄργεος ἡμέτερον δῶ πάντʼ ἐθέλω δόμεναι καὶ οἴκοθεν ἄλλʼ ἐπιθεῖναι.	if only part of the hexameter is repeated, I take the whole 	
011	Hom. Il. 7.389-393	201	Idaius	Greeks	κτήματα μὲν ὅσʼ Ἀλέξανδρος κοίλῃς ἐνὶ νηυσὶν ἠγάγετο Τροίηνδʼ· ὡς πρὶν ὤφελλʼ ἀπολέσθαι· πάντʼ ἐθέλει δόμεναι καὶ οἴκοθεν ἄλλʼ ἐπιθεῖναι· κουριδίην δʼ ἄλοχον Μενελάου κυδαλίμοιο οὔ φησιν δώσειν· ἦ μὴν Τρῶές γε κέλονται.	Idaious reformulates and inverts the order of the informations	
012	Hom. Il. 7.374-378	200	Priam	Trojans/Idaius	μῦθον Ἀλεξάνδροιο, τοῦ εἵνεκα νεῖκος ὄρωρε· καὶ δὲ τόδʼ εἰπέμεναι πυκινὸν ἔπος, αἴ κʼ ἐθέλωσι παύσασθαι πολέμοιο δυσηχέος, εἰς ὅ κε νεκροὺς κήομεν· ὕστερον αὖτε μαχησόμεθʼ εἰς ὅ κε δαίμων ἄμμε διακρίνῃ, δώῃ δʼ ἑτέροισί γε νίκην.		Matched predicted cluster 181 (spurious-match)
012	Hom. Il. 7.388-397	201	Idaius	Greeks	μῦθον Ἀλεξάνδροιο, τοῦ εἵνεκα νεῖκος ὄρωρε· κτήματα μὲν ὅσʼ Ἀλέξανδρος κοίλῃς ἐνὶ νηυσὶν ἠγάγετο Τροίηνδʼ· ὡς πρὶν ὤφελλʼ ἀπολέσθαι· πάντʼ ἐθέλει δόμεναι καὶ οἴκοθεν ἄλλʼ ἐπιθεῖναι· κουριδίην δʼ ἄλοχον Μενελάου κυδαλίμοιο οὔ φησιν δώσειν· ἦ μὴν Τρῶές γε κέλονται. καὶ δὲ τόδʼ ἠνώγεον εἰπεῖν ἔπος αἴ κʼ ἐθέλητε παύσασθαι πολέμοιο δυσηχέος εἰς ὅ κε νεκροὺς κήομεν· ὕστερον αὖτε μαχησόμεθʼ εἰς ὅ κε δαίμων ἄμμε διακρίνῃ, δώῃ δʼ ἑτέροισί γε νίκην.	larger box criterion	Matched predicted cluster 181 (spurious-match)
013	Hom. Il. 8.402-408	225	Zeus	Iris	γυιώσω μέν σφωϊν ὑφʼ ἅρμασιν ὠκέας ἵππους, αὐτὰς δʼ ἐκ δίφρου βαλέω κατά θʼ ἅρματα ἄξω· οὐδέ κεν ἐς δεκάτους περιτελλομένους ἐνιαυτοὺς ἕλκεʼ ἀπαλθήσεσθον, ἅ κεν μάρπτῃσι κεραυνός· ὄφρα ἰδῇ γλαυκῶπις ὅτʼ ἂν ᾧ πατρὶ μάχηται. Ἥρῃ δʼ οὔ τι τόσον νεμεσίζομαι οὐδὲ χολοῦμαι· αἰεὶ γάρ μοι ἔωθεν ἐνικλᾶν ὅττί κεν εἴπω.		Matched predicted cluster 41 (exact-match)
013	Hom. Il. 8.416-422	226	Iris	Athena/Hera	γυιώσειν μὲν σφῶϊν ὑφʼ ἅρμασιν ὠκέας ἵππους, αὐτὰς δʼ ἐκ δίφρου βαλέειν κατά θʼ ἅρματα ἄξειν· οὐδέ κεν ἐς δεκάτους περιτελλομένους ἐνιαυτοὺς ἕλκεʼ ἀπαλθήσεσθον, ἅ κεν μάρπτῃσι κεραυνός· ὄφρα ἰδῇς γλαυκῶπι ὅτʼ ἂν σῷ πατρὶ μάχηαι. Ἥρῃ δʼ οὔ τι τόσον νεμεσίζεται οὐδὲ χολοῦται· αἰεὶ γάρ οἱ ἔωθεν ἐνικλᾶν ὅττι κεν εἴπῃ· ἀλλὰ σύ γʼ αἰνοτάτη κύον ἀδεὲς εἰ ἐτεόν γε τολμήσεις Διὸς ἄντα πελώριον ἔγχος ἀεῖραι.		Matched predicted cluster 41 (exact-match)
014	Hom. Il. 9.122-157	236	Agamemnon	Nestor/Greek leaders	ἕπτʼ ἀπύρους τρίποδας, δέκα δὲ χρυσοῖο τάλαντα, αἴθωνας δὲ λέβητας ἐείκοσι, δώδεκα δʼ ἵππους πηγοὺς ἀθλοφόρους, οἳ ἀέθλια ποσσὶν ἄροντο. οὔ κεν ἀλήϊος εἴη ἀνὴρ ᾧ τόσσα γένοιτο, οὐδέ κεν ἀκτήμων ἐριτίμοιο χρυσοῖο, ὅσσά μοι ἠνείκαντο ἀέθλια μώνυχες ἵπποι. δώσω δʼ ἑπτὰ γυναῖκας ἀμύμονα ἔργα ἰδυίας Λεσβίδας, ἃς ὅτε Λέσβον ἐϋκτιμένην ἕλεν αὐτὸς ἐξελόμην, αἳ κάλλει ἐνίκων φῦλα γυναικῶν. τὰς μέν οἱ δώσω, μετὰ δʼ ἔσσεται ἣν τότʼ ἀπηύρων κούρη Βρισῆος· ἐπὶ δὲ μέγαν ὅρκον ὀμοῦμαι μή ποτε τῆς εὐνῆς ἐπιβήμεναι ἠδὲ μιγῆναι, ἣ θέμις ἀνθρώπων πέλει ἀνδρῶν ἠδὲ γυναικῶν. ταῦτα μὲν αὐτίκα πάντα παρέσσεται· εἰ δέ κεν αὖτε ἄστυ μέγα Πριάμοιο θεοὶ δώωσʼ ἀλαπάξαι, νῆα ἅλις χρυσοῦ καὶ χαλκοῦ νηησάσθω εἰσελθών, ὅτε κεν δατεώμεθα ληΐδʼ Ἀχαιοί, Τρωϊάδας δὲ γυναῖκας ἐείκοσιν αὐτὸς ἑλέσθω, αἴ κε μετʼ Ἀργείην Ἑλένην κάλλισται ἔωσιν. εἰ δέ κεν Ἄργος ἱκοίμεθʼ Ἀχαιϊκὸν οὖθαρ ἀρούρης γαμβρός κέν μοι ἔοι· τίσω δέ μιν ἶσον Ὀρέστῃ, ὅς μοι τηλύγετος τρέφεται θαλίῃ ἔνι πολλῇ. τρεῖς δέ μοί εἰσι θύγατρες ἐνὶ μεγάρῳ εὐπήκτῳ Χρυσόθεμις καὶ Λαοδίκη καὶ Ἰφιάνασσα, τάων ἥν κʼ ἐθέλῃσι φίλην ἀνάεδνον ἀγέσθω πρὸς οἶκον Πηλῆος· ἐγὼ δʼ ἐπὶ μείλια δώσω πολλὰ μάλʼ, ὅσσʼ οὔ πώ τις ἑῇ ἐπέδωκε θυγατρί· ἑπτὰ δέ οἱ δώσω εὖ ναιόμενα πτολίεθρα Καρδαμύλην Ἐνόπην τε καὶ Ἱρὴν ποιήεσσαν Φηράς τε ζαθέας ἠδʼ Ἄνθειαν βαθύλειμον καλήν τʼ Αἴπειαν καὶ Πήδασον ἀμπελόεσσαν. πᾶσαι δʼ ἐγγὺς ἁλός, νέαται Πύλου ἠμαθόεντος· ἐν δʼ ἄνδρες ναίουσι πολύρρηνες πολυβοῦται, οἵ κέ ἑ δωτίνῃσι θεὸν ὣς τιμήσουσι καί οἱ ὑπὸ σκήπτρῳ λιπαρὰς τελέουσι θέμιστας. ταῦτά κέ οἱ τελέσαιμι μεταλήξαντι χόλοιο. 		Matched predicted cluster 577 (exact-match)
014	Hom. Il. 9.264-299	240	Odysseus	Achilles	ἕπτʼ ἀπύρους τρίποδας, δέκα δὲ χρυσοῖο τάλαντα, αἴθωνας δὲ λέβητας ἐείκοσι, δώδεκα δʼ ἵππους πηγοὺς ἀθλοφόρους, οἳ ἀέθλια ποσσὶν ἄροντο. οὔ κεν ἀλήϊος εἴη ἀνὴρ ᾧ τόσσα γένοιτο οὐδέ κεν ἀκτήμων ἐριτίμοιο χρυσοῖο, ὅσσʼ Ἀγαμέμνονος ἵπποι ἀέθλια ποσσὶν ἄροντο. δώσει δʼ ἑπτὰ γυναῖκας ἀμύμονα ἔργα ἰδυίας Λεσβίδας, ἃς ὅτε Λέσβον ἐϋκτιμένην ἕλες αὐτὸς ἐξέλεθʼ, αἳ τότε κάλλει ἐνίκων φῦλα γυναικῶν. τὰς μέν τοι δώσει, μετὰ δʼ ἔσσεται ἣν τότʼ ἀπηύρα κούρη Βρισῆος· ἐπὶ δὲ μέγαν ὅρκον ὀμεῖται μή ποτε τῆς εὐνῆς ἐπιβήμεναι ἠδὲ μιγῆναι ἣ θέμις ἐστὶν ἄναξ ἤτʼ ἀνδρῶν ἤτε γυναικῶν. ταῦτα μὲν αὐτίκα πάντα παρέσσεται· εἰ δέ κεν αὖτε ἄστυ μέγα Πριάμοιο θεοὶ δώωσʼ ἀλαπάξαι, νῆα ἅλις χρυσοῦ καὶ χαλκοῦ νηήσασθαι εἰσελθών, ὅτε κεν δατεώμεθα ληΐδʼ Ἀχαιοί, Τρωϊάδας δὲ γυναῖκας ἐείκοσιν αὐτὸς ἑλέσθαι, αἵ κε μετʼ Ἀργείην Ἑλένην κάλλισται ἔωσιν. εἰ δέ κεν Ἄργος ἱκοίμεθʼ Ἀχαιϊκὸν οὖθαρ ἀρούρης γαμβρός κέν οἱ ἔοις· τίσει δέ σε ἶσον Ὀρέστῃ, ὅς οἱ τηλύγετος τρέφεται θαλίῃ ἔνι πολλῇ. τρεῖς δέ οἵ εἰσι θύγατρες ἐνὶ μεγάρῳ εὐπήκτῳ Χρυσόθεμις καὶ Λαοδίκη καὶ Ἰφιάνασσα, τάων ἥν κʼ ἐθέλῃσθα φίλην ἀνάεδνον ἄγεσθαι πρὸς οἶκον Πηλῆος· ὃ δʼ αὖτʼ ἐπὶ μείλια δώσει πολλὰ μάλʼ, ὅσσʼ οὔ πώ τις ἑῇ ἐπέδωκε θυγατρί· ἑπτὰ δέ τοι δώσει εὖ ναιόμενα πτολίεθρα Καρδαμύλην Ἐνόπην τε καὶ Ἱρὴν ποιήεσσαν Φηράς τε ζαθέας ἠδʼ Ἄνθειαν βαθύλειμον καλήν τʼ Αἴπειαν καὶ Πήδασον ἀμπελόεσσαν. πᾶσαι δʼ ἐγγὺς ἁλός, νέαται Πύλου ἠμαθόεντος· ἐν δʼ ἄνδρες ναίουσι πολύρρηνες πολυβοῦται, οἵ κέ σε δωτίνῃσι θεὸν ὣς τιμήσουσι καί τοι ὑπὸ σκήπτρῳ λιπαρὰς τελέουσι θέμιστας. ταῦτά κέ τοι τελέσειε μεταλήξαντι χόλοιο.		Matched predicted cluster 577 (exact-match)
072	Hom. Il. 9.132-135	236	Agamemnon	Nestor	κούρη Βρισῆος· ἐπὶ δὲ μέγαν ὅρκον ὀμοῦμαι μή ποτε τῆς εὐνῆς ἐπιβήμεναι ἠδὲ μιγῆναι, ἣ θέμις ἀνθρώπων πέλει ἀνδρῶν ἠδὲ γυναικῶν 		Matched predicted cluster 503 (partial-match)
072	Hom. Il. 9.274-276	240	Odysseus	Achilles	κούρη Βρισῆος· ἐπὶ δὲ μέγαν ὅρκον ὀμεῖται μή ποτε τῆς εὐνῆς ἐπιβήμεναι ἠδὲ μιγῆναι ἣ θέμις ἐστὶν ἄναξ ἤτʼ ἀνδρῶν ἤτε γυναικῶν		Matched predicted cluster 503 (partial-match)
072	Hom. Il. 19.175-177	514	Odysseus	Achilles	ὀμνυέτω δέ τοι ὅρκον ἐν Ἀργείοισιν ἀναστὰς μή ποτε τῆς εὐνῆς ἐπιβήμεναι ἠδὲ μιγῆναι· ἣ θέμις ἐστὶν ἄναξ ἤ τʼ ἀνδρῶν ἤ τε γυναικῶν	Not in de Jong's list	Matched predicted cluster 503 (partial-match)
015	Hom. Il. 9.417-420	242	Achilles	Odysseus	καὶ δʼ ἂν τοῖς ἄλλοισιν ἐγὼ παραμυθησαίμην οἴκαδʼ ἀποπλείειν, ἐπεὶ οὐκέτι δήετε τέκμωρ Ἰλίου αἰπεινῆς· μάλα γάρ ἑθεν εὐρύοπα Ζεὺς χεῖρα ἑὴν ὑπερέσχε, τεθαρσήκασι δὲ λαοί. 		Matched predicted cluster 345 (exact-match)
015	Hom. Il. 9.684-687	248	Odysseus	Agamemnon/Greek leaders	καὶ δʼ ἂν τοῖς ἄλλοισιν ἔφη παραμυθήσασθαι οἴκαδʼ ἀποπλείειν, ἐπεὶ οὐκέτι δήετε τέκμωρ Ἰλίου αἰπεινῆς· μάλα γάρ ἑθεν εὐρύοπα Ζεὺς χεῖρα ἑὴν ὑπερέσχε, τεθαρσήκασι δὲ λαοί. ὣς ἔφατʼ· εἰσὶ καὶ οἵδε τάδʼ εἰπέμεν, οἵ μοι ἕποντο, Αἴας καὶ κήρυκε δύω πεπνυμένω ἄμφω. Φοῖνιξ δʼ αὖθʼ ὃ γέρων κατελέξατο, ὡς γὰρ ἀνώγει, ὄφρά οἱ ἐν νήεσσι φίλην ἐς πατρίδʼ ἕπηται αὔριον, ἢν ἐθέλῃσιν· ἀνάγκῃ δʼ οὔ τί μιν ἄξει.		Matched predicted cluster 345 (exact-match)
016	Hom. Il. 10.208-210	265	Nestor	Greek leaders	ἅσσά τε μητιόωσι μετὰ σφίσιν, ἢ μεμάασιν αὖθι μένειν παρὰ νηυσὶν ἀπόπροθεν, ἦε πόλιν δὲ ἂψ ἀναχωρήσουσιν, ἐπεὶ δαμάσαντό γʼ Ἀχαιούς.		Matched predicted cluster 548 (exact-match)
016	Hom. Il. 10.409-411	280	Odysseus	Dolon	ἅσσά τε μητιόωσι μετὰ σφίσιν, ἢ μεμάασιν αὖθι μένειν παρὰ νηυσὶν ἀπόπροθεν, ἦε πόλιν δὲ ἂψ ἀναχωρήσουσιν, ἐπεὶ δαμάσαντό γʼ Ἀχαιούς.		Matched predicted cluster 548 (exact-match)
017	Hom. Il.10.308-312	272	Hector	Trojans	νηῶν ὠκυπόρων σχεδὸν ἐλθέμεν, ἔκ τε πυθέσθαι ἠέ φυλάσσονται νῆες θοαὶ ὡς τὸ πάρος περ, ἦ ἤδη χείρεσσιν ὑφʼ ἡμετέρῃσι δαμέντες φύξιν βουλεύουσι μετὰ σφίσιν, οὐδʼ ἐθέλουσι νύκτα φυλασσέμεναι, καμάτῳ ἀδηκότες αἰνῷ.		Missed by evaluation, but it corresponds to predicted cluster 283 (spurious-match)
017	Hom. Il.10.395-399	279	Dolon	Diomedes/Odysseus	ἀνδρῶν δυσμενέων σχεδὸν ἐλθέμεν, ἔκ τε πυθέσθαι ἠὲ φυλάσσονται νῆες θοαὶ ὡς τὸ πάρος περ, ἦ ἤδη χείρεσσιν ὑφʼ ἡμετέρῃσι δαμέντες φύξιν βουλεύουσι μετὰ σφίσιν, οὐδʼ ἐθέλουσι νύκτα φυλασσέμεναι, καμάτῳ ἀδηκότες αἰνῷ.		Missed by evaluation, but it corresponds to predicted cluster 283 (spurious-match)
018	Hom. Il.11.187-194	293	Zeus	Iris	ὄφρʼ ἂν μέν κεν ὁρᾷ Ἀγαμέμνονα ποιμένα λαῶν θύνοντʼ ἐν προμάχοισιν ἐναίροντα στίχας ἀνδρῶν, τόφρʼ ἀναχωρείτω, τὸν δʼ ἄλλον λαὸν ἀνώχθω μάρνασθαι δηΐοισι κατὰ κρατερὴν ὑσμίνην. αὐτὰρ ἐπεί κʼ ἢ δουρὶ τυπεὶς ἢ βλήμενος ἰῷ εἰς ἵππους ἅλεται, τότε οἱ κράτος ἐγγυαλίξω κτείνειν εἰς ὅ κε νῆας ἐϋσσέλμους ἀφίκηται δύῃ τʼ ἠέλιος καὶ ἐπὶ κνέφας ἱερὸν ἔλθῃ.		Matched predicted cluster 302 (spurious-match)
018	Hom. Il. 11.202-209	294	Iris	Hector	ὄφρʼ ἂν μέν κεν ὁρᾷς Ἀγαμέμνονα ποιμένα λαῶν θύνοντʼ ἐν προμάχοισιν, ἐναίροντα στίχας ἀνδρῶν, τόφρʼ ὑπόεικε μάχης, τὸν δʼ ἄλλον λαὸν ἄνωχθι μάρνασθαι δηΐοισι κατὰ κρατερὴν ὑσμίνην. αὐτὰρ ἐπεί κʼ ἢ δουρὶ τυπεὶς ἢ βλήμενος ἰῷ εἰς ἵππους ἅλεται, τότε τοι κράτος ἐγγυαλίξει κτείνειν, εἰς ὅ κε νῆας ἐϋσσέλμους ἀφίκηαι δύῃ τʼ ἠέλιος καὶ ἐπὶ κνέφας ἱερὸν ἔλθῃ.		Matched predicted cluster 302 (spurious-match)
019	Hom. Il.11.658-662	314	Nestor	Patroclus	πένθεος, ὅσσον ὄρωρε κατὰ στρατόν· οἳ γὰρ ἄριστοι ἐν νηυσὶν κέαται βεβλημένοι οὐτάμενοί τε. βέβληται μὲν ὃ Τυδεΐδης κρατερὸς Διομήδης, οὔτασται δʼ Ὀδυσεὺς δουρὶ κλυτὸς ἠδʼ Ἀγαμέμνων· βέβληται δὲ καὶ Εὐρύπυλος κατὰ μηρὸν ὀϊστῷ· 		Matched predicted cluster 7 (spurious-match)
019	Hom. Il.16.23-27	421	Patroclus	Achilles	οἳ μὲν γὰρ δὴ πάντες, ὅσοι πάρος ἦσαν ἄριστοι, ἐν νηυσὶν κέαται βεβλημένοι οὐτάμενοί τε. βέβληται μὲν ὃ Τυδεΐδης κρατερὸς Διομήδης, οὔτασται δʼ Ὀδυσεὺς δουρικλυτὸς ἠδʼ Ἀγαμέμνων, βέβληται δὲ καὶ Εὐρύπυλος κατὰ μηρὸν ὀϊστῷ.		Matched predicted cluster 7 (spurious-match)
020	Hom. Il. 11.794-803	314	Nestor	Patroclus	εἰ δέ τινα φρεσὶν ᾗσι θεοπροπίην ἀλεείνει καί τινά οἱ πὰρ Ζηνὸς ἐπέφραδε πότνια μήτηρ, ἀλλὰ σέ περ προέτω, ἅμα δʼ ἄλλος λαὸς ἑπέσθω Μυρμιδόνων, αἴ κέν τι φόως Δαναοῖσι γένηαι· καί τοι τεύχεα καλὰ δότω πόλεμον δὲ φέρεσθαι, αἴ κέ σε τῷ εἴσκοντες ἀπόσχωνται πολέμοιο Τρῶες, ἀναπνεύσωσι δʼ ἀρήϊοι υἷες Ἀχαιῶν τειρόμενοι· ὀλίγη δέ τʼ ἀνάπνευσις πολέμοιο. ῥεῖα δέ κʼ ἀκμῆτες κεκμηότας ἄνδρας ἀϋτῇ ὤσαισθε προτὶ ἄστυ νεῶν ἄπο καὶ κλισιάων.		Matched predicted cluster 7 (spurious-match)
020	Hom. Il. 16.36-45	421	Patroclus	Achilles	εἰ δέ τινα φρεσὶ σῇσι θεοπροπίην ἀλεείνεις καί τινά τοι πὰρ Ζηνὸς ἐπέφραδε πότνια μήτηρ, ἀλλʼ ἐμέ περ πρόες ὦχʼ, ἃμα δʼ ἄλλον λαὸν ὄπασσον Μυρμιδόνων, ἤν πού τι φόως Δαναοῖσι γένωμαι. δὸς δέ μοι ὤμοιιν τὰ σὰ τεύχεα θωρηχθῆναι, αἴ κʼ ἐμὲ σοὶ ἴσκοντες ἀπόσχωνται πολέμοιο Τρῶες, ἀναπνεύσωσι δʼ Ἀρήϊοι υἷες Ἀχαιῶν τειρόμενοι· ὀλίγη δέ τʼ ἀνάπνευσις πολέμοιο. ῥεῖα δέ κʼ ἀκμῆτες κεκμηότας ἄνδρας ἀϋτῇ ὤσαιμεν προτὶ ἄστυ νεῶν ἄπο καὶ κλισιάων.		Matched predicted cluster 7 (spurious-match)
021	Hom. Il. 12.344-350	326	Menestheus	Thootes	ἀμφοτέρω μὲν μᾶλλον· ὃ γάρ κʼ ὄχʼ ἄριστον ἁπάντων εἴη, ἐπεὶ τάχα τῇδε τετεύξεται αἰπὺς ὄλεθρος. ὧδε γὰρ ἔβρισαν Λυκίων ἀγοί, οἳ τὸ πάρος περ ζαχρηεῖς τελέθουσι κατὰ κρατερὰς ὑσμίνας. εἰ δέ σφιν καὶ κεῖθι πόνος καὶ νεῖκος ὄρωρεν, ἀλλά περ οἶος ἴτω Τελαμώνιος ἄλκιμος Αἴας, καί οἱ Τεῦκρος ἅμα σπέσθω τόξων ἐῢ εἰδώς.		Matched predicted cluster 344 (exact-match)
021	Hom. Il. 12.357-363	327	Thootes	Ajaxes	ἀμφοτέρω μὲν μᾶλλον· ὃ γάρ κʼ ὄχʼ ἄριστον ἁπάντων εἴη, ἐπεὶ τάχα κεῖθι τετεύξεται αἰπὺς ὄλεθρος· ὧδε γὰρ ἔβρισαν Λυκίων ἀγοί, οἳ τὸ πάρος περ ζαχρηεῖς τελέθουσι κατὰ κρατερὰς ὑσμίνας. εἰ δὲ καὶ ἐνθάδε περ πόλεμος καὶ νεῖκος ὄρωρεν, ἀλλά περ οἶος ἴτω Τελαμώνιος ἄλκιμος Αἴας, καί οἱ Τεῦκρος ἅμα σπέσθω τόξων ἐῢ εἰδώς.		Matched predicted cluster 344 (exact-match)
022	Hom. Il. 15.160-167	395	Zeus	Iris	παυσάμενόν μιν ἄνωχθι μάχης ἠδὲ πτολέμοιο ἔρχεσθαι μετὰ φῦλα θεῶν ἢ εἰς ἅλα δῖαν. εἰ δέ μοι οὐκ ἐπέεσσʼ ἐπιπείσεται, ἀλλʼ ἀλογήσει, φραζέσθω δὴ ἔπειτα κατὰ φρένα καὶ κατὰ θυμὸν μή μʼ οὐδὲ κρατερός περ ἐὼν ἐπιόντα ταλάσσῃ μεῖναι, ἐπεί εὑ φημὶ βίῃ πολὺ φέρτερος εἶναι καὶ γενεῇ πρότερος· τοῦ δʼ οὐκ ὄθεται φίλον ἦτορ ἶσον ἐμοὶ φάσθαι, τόν τε στυγέουσι καὶ ἄλλοι.		Matched predicted cluster 568 (exact-match)
022	Hom. Il. 15.176-183	396	Iris	Poseidon	παυσάμενόν σʼ ἐκέλευσε μάχης ἠδὲ πτολέμοιο ἔρχεσθαι μετὰ φῦλα θεῶν ἢ εἰς ἅλα δῖαν. εἰ δέ οἱ οὐκ ἐπέεσσʼ ἐπιπείσεαι, ἀλλʼ ἀλογήσεις, ἠπείλει καὶ κεῖνος ἐναντίβιον πολεμίξων ἐνθάδʼ ἐλεύσεσθαι· σὲ δʼ ὑπεξαλέασθαι ἄνωγε χεῖρας, ἐπεὶ σέο φησὶ βίῃ πολὺ φέρτερος εἶναι καὶ γενεῇ πρότερος· σὸν δʼ οὐκ ὄθεται φίλον ἦτορ ἶσόν οἱ φάσθαι, τόν τε στυγέουσι καὶ ἄλλοι.		Matched predicted cluster 568 (exact-match)
023	Hom. Il. 16.454-457	430	Hera	Zeus	πέμπειν μιν θάνατόν τε φέρειν καὶ νήδυμον ὕπνον εἰς ὅ κε δὴ Λυκίης εὐρείης δῆμον ἵκωνται, ἔνθά ἑ ταρχύσουσι κασίγνητοί τε ἔται τε τύμβῳ τε στήλῃ τε· τὸ γὰρ γέρας ἐστὶ θανόντων.		Matched predicted cluster 528 (exact-match)
023	Hom. Il. 16.671-675	438	Zeus	Apollo	πέμπε δέ μιν πομποῖσιν ἅμα κραιπνοῖσι φέρεσθαι ὕπνῳ καὶ θανάτῳ διδυμάοσιν, οἵ ῥά μιν ὦκα θήσουσʼ ἐν Λυκίης εὐρείης πίονι δήμῳ, ἔνθά ἑ ταρχύσουσι κασίγνητοί τε ἔται τε τύμβῳ τε στήλῃ τε· τὸ γὰρ γέρας ἐστὶ θανόντων.	first part of the speech not repeated verbatim	Matched predicted cluster 528 (exact-match)
024	Hom. Il. 17.642	474	Ajax Telamonius	Greeks/Zeus	λυγρῆς ἀγγελίης, ὅτι οἱ φίλος ὤλεθʼ ἑταῖρος.		
024	Hom. Il. 17.655	475	Ajax Telamonius	Menelaus	ὅττι ῥά οἱ πολὺ φίλτατος ὤλεθʼ ἑταῖρος.	same utterance by Ajax, but DICES splits it in two speeches (to Greeks and Zeus + to Menelaus)	
025	Hom. Il. 17.685-693	477	Menelaus	Antilochus	Ἀντίλοχʼ εἰ δʼ ἄγε δεῦρο διοτρεφὲς ὄφρα πύθηαι λυγρῆς ἀγγελίης, ἣ μὴ ὤφελλε γενέσθαι. ἤδη μὲν σὲ καὶ αὐτὸν ὀΐομαι εἰσορόωντα γιγνώσκειν ὅτι πῆμα θεὸς Δαναοῖσι κυλίνδει, νίκη δὲ Τρώων· πέφαται δʼ ὤριστος Ἀχαιῶν Πάτροκλος, μεγάλη δὲ ποθὴ Δαναοῖσι τέτυκται. ἀλλὰ σύ γʼ αἶψʼ Ἀχιλῆϊ θέων ἐπὶ νῆας Ἀχαιῶν εἰπεῖν, αἴ κε τάχιστα νέκυν ἐπὶ νῆα σαώσῃ γυμνόν· ἀτὰρ τά γε τεύχεʼ ἔχει κορυθαίολος Ἕκτωρ.		Matched predicted cluster 45 (exact-match)
025	Hom. Il. 18.18-21	481	Antilochus	Achilles	ὤ μοι Πηλέος υἱὲ δαΐφρονος ἦ μάλα λυγρῆς πεύσεαι ἀγγελίης, ἣ μὴ ὤφελλε γενέσθαι. κεῖται Πάτροκλος, νέκυος δὲ δὴ ἀμφιμάχονται γυμνοῦ· ἀτὰρ τά γε τεύχεʼ ἔχει κορυθαίολος Ἕκτωρ.		Matched predicted cluster 45 (exact-match)
026	Hom. Il. 24.113-116	657	Zeus	Thetis	σκύζεσθαί οἱ εἰπὲ θεούς, ἐμὲ δʼ ἔξοχα πάντων ἀθανάτων κεχολῶσθαι, ὅτι φρεσὶ μαινομένῃσιν Ἕκτορʼ ἔχει παρὰ νηυσὶ κορωνίσιν οὐδʼ ἀπέλυσεν, αἴ κέν πως ἐμέ τε δείσῃ ἀπό θʼ Ἕκτορα λύσῃ. 		Matched predicted cluster 264 (exact-match)
026	Hom. Il. 24.134-137	658	Thetis	Achilles	σκύζεσθαι σοί φησι θεούς, ἑὲ δʼ ἔξοχα πάντων ἀθανάτων κεχολῶσθαι, ὅτι φρεσὶ μαινομένῃσιν Ἕκτορʼ ἔχεις παρὰ νηυσὶ κορωνίσιν οὐδʼ ἀπέλυσας. 		Matched predicted cluster 264 (exact-match)
027	Hom. Il. 24.146-158	660	Zeus	Iris	λύσασθαι φίλον υἱὸν ἰόντʼ ἐπὶ νῆας Ἀχαιῶν, δῶρα δʼ Ἀχιλλῆϊ φερέμεν τά κε θυμὸν ἰήνῃ οἶον, μὴ δέ τις ἄλλος ἅμα Τρώων ἴτω ἀνήρ. κῆρύξ τίς οἱ ἕποιτο γεραίτερος, ὅς κʼ ἰθύνοι ἡμιόνους καὶ ἄμαξαν ἐΰτροχον, ἠδὲ καὶ αὖτις νεκρὸν ἄγοι προτὶ ἄστυ, τὸν ἔκτανε δῖος Ἀχιλλεύς. μὴ δέ τί οἱ θάνατος μελέτω φρεσὶ μὴ δέ τι τάρβος· τοῖον γάρ οἱ πομπὸν ὀπάσσομεν ἀργεϊφόντην, ὃς ἄξει εἷός κεν ἄγων Ἀχιλῆϊ πελάσσῃ. αὐτὰρ ἐπὴν ἀγάγῃσιν ἔσω κλισίην Ἀχιλῆος, οὔτʼ αὐτὸς κτενέει ἀπό τʼ ἄλλους πάντας ἐρύξει· οὔτε γάρ ἐστʼ ἄφρων οὔτʼ ἄσκοπος οὔτʼ ἀλιτήμων, ἀλλὰ μάλʼ ἐνδυκέως ἱκέτεω πεφιδήσεται ἀνδρός.		Matched predicted cluster 85 (exact-match)
027	Hom. Il. 24.175-187	661	Iris	Priam	λύσασθαί σʼ ἐκέλευσεν Ὀλύμπιος Ἕκτορα δῖον, δῶρα δʼ Ἀχιλλῆϊ φερέμεν τά κε θυμὸν ἰήνῃ οἶον, μὴ δέ τις ἄλλος ἅμα Τρώων ἴτω ἀνήρ. κῆρύξ τίς τοι ἕποιτο γεραίτερος, ὅς κʼ ἰθύνοι ἡμιόνους καὶ ἄμαξαν ἐΰτροχον, ἠδὲ καὶ αὖτις νεκρὸν ἄγοι προτὶ ἄστυ, τὸν ἔκτανε δῖος Ἀχιλλεύς. μὴ δέ τί τοι θάνατος μελέτω φρεσὶ μηδέ τι τάρβος· τοῖος γάρ τοι πομπὸς ἅμʼ ἕψεται ἀργεϊφόντης, ὅς σʼ ἄξει εἷός κεν ἄγων Ἀχιλῆϊ πελάσσῃ. αὐτὰρ ἐπὴν ἀγάγῃσιν ἔσω κλισίην Ἀχιλῆος, οὔτʼ αὐτὸς κτενέει ἀπό τʼ ἄλλους πάντας ἐρύξει· οὔτε γάρ ἔστʼ ἄφρων οὔτʼ ἄσκοπος οὔτʼ ἀλιτήμων, ἀλλὰ μάλʼ ἐνδυκέως ἱκέτεω πεφιδήσεται ἀνδρός.		Matched predicted cluster 85 (exact-match)
028	Hom. Il. 24.118-119	657	Zeus	Thetis	λύσασθαι φίλον υἱὸν ἰόντʼ ἐπὶ νῆας Ἀχαιῶν, δῶρα δʼ Ἀχιλλῆϊ φερέμεν, τά κε θυμὸν ἰήνῃ.	in Il. 75-76 there's a similar formulation, with some lemmata in common: ὥς κεν Ἀχιλλεὺς δώρων ἐκ Πριάμοιο λάχῃ ἀπό θ᾽ Ἕκτορα λύσῃ. It will be interesting to see if Passim gets it or not	Matched predicted cluster 86 (partial-match)
028	Hom. Il. 24.146-147	660	Zeus	Iris	λύσασθαι φίλον υἱὸν ἰόντʼ ἐπὶ νῆας Ἀχαιῶν, δῶρα δʼ Ἀχιλλῆϊ φερέμεν τά κε θυμὸν ἰήνῃ		Matched predicted cluster 86 (partial-match)
028	Hom. Il. 24.175-176	661	Iris	Priam	λύσασθαί σʼ ἐκέλευσεν Ὀλύμπιος Ἕκτορα δῖον, δῶρα δʼ Ἀχιλλῆϊ φερέμεν τά κε θυμὸν ἰήνῃ		Matched predicted cluster 86 (partial-match)
028	Hom. Il. 24.195-196	662	Priam	Hecabe	λύσασθαι φίλον υἱὸν ἰόντʼ ἐπὶ νῆας Ἀχαιῶν, δῶρα δʼ Ἀχιλλῆϊ φερέμεν τά κε θυμὸν ἰήνῃ		Matched predicted cluster 86 (partial-match)
029	Hom. Il. 24.292-295	667	Hecabe	Priam	αἴτει δʼ οἰωνὸν ταχὺν ἄγγελον, ὅς τέ οἱ αὐτῷ φίλτατος οἰωνῶν, καί εὑ κράτος ἐστὶ μέγιστον, δεξιόν, ὄφρά μιν αὐτὸς ἐν ὀφθαλμοῖσι νοήσας τῷ πίσυνος ἐπὶ νῆας ἴῃς Δαναῶν ταχυπώλων. 		Matched predicted cluster 447 (exact-match)
029	Hom. Il. 24.310-313	669	Priam	Zeus	πέμψον δʼ οἰωνὸν ταχὺν ἄγγελον, ὅς τε σοὶ αὐτῷ φίλτατος οἰωνῶν, καί εὑ κράτος ἐστὶ μέγιστον, δεξιόν, ὄφρά μιν αὐτὸς ἐν ὀφθαλμοῖσι νοήσας τῷ πίσυνος ἐπὶ νῆας ἴω Δαναῶν ταχυπώλων.		Matched predicted cluster 447 (exact-match)
030	Hom. Il. 1.37-38	3	Chryses	Apollo	κλῦθί μευ ἀργυρότοξʼ, ὃς Χρύσην ἀμφιβέβηκας Κίλλάν τε ζαθέην Τενέδοιό τε ἶφι ἀνάσσεις		Matched predicted cluster 15 (exact-match)
030	Hom. Il. 1.451-452	27	Apollo	Chryses	κλῦθί μευ ἀργυρότοξʼ, ὃς Χρύσην ἀμφιβέβηκας Κίλλάν τε ζαθέην Τενέδοιό τε ἶφι ἀνάσσεις		Matched predicted cluster 15 (exact-match)
031	Hom. Il. 1.411-412	24	Achilles	Thetis	γνῷ δὲ καὶ Ἀτρεΐδης εὐρὺ κρείων Ἀγαμέμνων ἣν ἄτην ὅ τʼ ἄριστον Ἀχαιῶν οὐδὲν ἔτισεν		Matched predicted cluster 19 (exact-match)
031	Hom. Il. 16.273-274	427	Patroclus	Myrmidonians	γνῷ δὲ καὶ Ἀτρεΐδης εὐρὺ κρείων Ἀγαμέμνων ἣν ἄτην, ὅ τʼ ἄριστον Ἀχαιῶν οὐδὲν ἔτισεν.		Matched predicted cluster 19 (exact-match)
032	Hom. Il. 1.453-455	27	Chryses	Apollo	ἦ μὲν δή ποτʼ ἐμεῦ πάρος ἔκλυες εὐξαμένοιο, τίμησας μὲν ἐμέ, μέγα δʼ ἴψαο λαὸν Ἀχαιῶν· ἠδʼ ἔτι καὶ νῦν μοι τόδʼ ἐπικρήηνον ἐέλδωρ·		Matched predicted cluster 159 (exact-match)
032	Hom. Il.16.236-238	427	Achilles	Zeus	ἠμὲν δή ποτʼ ἐμὸν ἔπος ἔκλυες εὐξαμένοιο, τίμησας μὲν ἐμέ, μέγα δʼ ἴψαο λαὸν Ἀχαιῶν, ἠδʼ ἔτι καὶ νῦν μοι τόδʼ ἐπικρήηνον ἐέλδωρ·		Matched predicted cluster 159 (exact-match)
033	Hom. Il. 2.110-118	42	Agamemnon	Greeks	ὦ φίλοι ἥρωες Δαναοὶ θεράποντες Ἄρηος Ζεύς με μέγα Κρονίδης ἄτῃ ἐνέδησε βαρείῃ, σχέτλιος, ὃς πρὶν μέν μοι ὑπέσχετο καὶ κατένευσεν Ἴλιον ἐκπέρσαντʼ εὐτείχεον ἀπονέεσθαι, νῦν δὲ κακὴν ἀπάτην βουλεύσατο, καί με κελεύει δυσκλέα Ἄργος ἱκέσθαι, ἐπεὶ πολὺν ὤλεσα λαόν. οὕτω που Διὶ μέλλει ὑπερμενέϊ φίλον εἶναι, ὃς δὴ πολλάων πολίων κατέλυσε κάρηνα ἠδʼ ἔτι καὶ λύσει· τοῦ γὰρ κράτος ἐστὶ μέγιστον. 		Matched predicted cluster 28 (exact-match)
033	Hom. Il. 9.17-25	232	Agamemnon	Greeks	ὦ φίλοι Ἀργείων ἡγήτορες ἠδὲ μέδοντες Ζεύς με μέγα Κρονίδης ἄτῃ ἐνέδησε βαρείῃ σχέτλιος, ὃς τότε μέν μοι ὑπέσχετο καὶ κατένευσεν Ἴλιον ἐκπέρσαντʼ εὐτείχεον ἀπονέεσθαι, νῦν δὲ κακὴν ἀπάτην βουλεύσατο, καί με κελεύει δυσκλέα Ἄργος ἱκέσθαι, ἐπεὶ πολὺν ὤλεσα λαόν. οὕτω που Διὶ μέλλει ὑπερμενέϊ φίλον εἶναι, ὃς δὴ πολλάων πολίων κατέλυσε κάρηνα ἠδʼ ἔτι καὶ λύσει· τοῦ γὰρ κράτος ἐστὶ μέγιστον.		Matched predicted cluster 28 (exact-match)
034	Hom. Il. 2.139-141	42	Agamemnon	Greeks	ἀλλʼ ἄγεθʼ ὡς ἂν ἐγὼ εἴπω πειθώμεθα πάντες· φεύγωμεν σὺν νηυσὶ φίλην ἐς πατρίδα γαῖαν· οὐ γὰρ ἔτι Τροίην αἱρήσομεν εὐρυάγυιαν.		Matched predicted cluster 28 (exact-match)
034	Hom. Il. 9.26-28	232	Agamemnon	Greeks	ἀλλʼ ἄγεθʼ ὡς ἂν ἐγὼ εἴπω πειθώμεθα πάντες· φεύγωμεν σὺν νηυσὶ φίλην ἐς πατρίδα γαῖαν· οὐ γὰρ ἔτι Τροίην αἱρήσομεν εὐρυάγυιαν.		Matched predicted cluster 28 (exact-match)
035	Hom. Il. 2.371-374	53	Agamemnon	Nestor/Athena/Apollo	αἲ γὰρ Ζεῦ τε πάτερ καὶ Ἀθηναίη καὶ Ἄπολλον τοιοῦτοι δέκα μοι συμφράδμονες εἶεν Ἀχαιῶν· τώ κε τάχʼ ἠμύσειε πόλις Πριάμοιο ἄνακτος χερσὶν ὑφʼ ἡμετέρῃσιν ἁλοῦσά τε περθομένη τε.	big box criterion	Matched predicted cluster 610 (exact-match)
035	Hom. Il. 4.288-291	102	Agamemnon	Ajaxes	αἲ γὰρ Ζεῦ τε πάτερ καὶ Ἀθηναίη καὶ Ἄπολλον τοῖος πᾶσιν θυμὸς ἐνὶ στήθεσσι γένοιτο· τώ κε τάχʼ ἠμύσειε πόλις Πριάμοιο ἄνακτος χερσὶν ὑφʼ ἡμετέρῃσιν ἁλοῦσά τε περθομένη τε.		Matched predicted cluster 610 (exact-match)
036	Hom. Il. 3.285-287	73	Agamemnon	Trojans/Greeks	Τρῶας ἔπειθʼ Ἑλένην καὶ κτήματα πάντʼ ἀποδοῦναι, τιμὴν δʼ Ἀργείοις ἀποτινέμεν ἥν τινʼ ἔοικεν, ἥ τε καὶ ἐσσομένοισι μετʼ ἀνθρώποισι πέληται.	big box criterion	Matched predicted cluster 478 (exact-match)
036	Hom. Il. 3.458-460	84	Agamemnon	Trojans/Greeks	ὑμεῖς δʼ Ἀργείην Ἑλένην καὶ κτήμαθʼ ἅμʼ αὐτῇ ἔκδοτε, καὶ τιμὴν ἀποτινέμεν ἥν τινʼ ἔοικεν, ἥ τε καὶ ἐσσομένοισι μετʼ ἀνθρώποισι πέληται.		Matched predicted cluster 478 (exact-match)
037	Hom. Il. 4.15-16	85	Zeus	Gods	ἤ ῥʼ αὖτις πόλεμόν τε κακὸν καὶ φύλοπιν αἰνὴν ὄρσομεν, ἦ φιλότητα μετʼ ἀμφοτέροισι βάλωμεν.		
037	Hom. Il.4.82-84	90	tis	tis	ἦ ῥʼ αὖτις πόλεμός τε κακὸς καὶ φύλοπις αἰνὴ ἔσσεται, ἢ φιλότητα μετʼ ἀμφοτέροισι τίθησι Ζεύς, ὅς τʼ ἀνθρώπων ταμίης πολέμοιο τέτυκται.	Line 84 has only one word that counts as repetition. I take the whole hexameter. This equivalence (us - Zeus) cannot be tracked by Passim	
038	Hom. Il. 4.60-61	88	Hera	Zeus	ἀμφότερον γενεῇ τε καὶ οὕνεκα σὴ παράκοιτις κέκλημαι, σὺ δὲ πᾶσι μετʼ ἀθανάτοισιν ἀνάσσεις.		Matched predicted cluster 186 (exact-match)
038	Hom. Il. 18.365-366	498	Hera	Zeus	ἀμφότερον γενεῇ τε καὶ οὕνεκα σὴ παράκοιτις κέκλημαι, σὺ δὲ πᾶσι μετʼ ἀθανάτοισιν ἀνάσσεις.		Matched predicted cluster 186 (exact-match)
039	Hom. Il. 4.163-165	92	Agamemnon	Menelaus	εὖ γὰρ ἐγὼ τόδε οἶδα κατὰ φρένα καὶ κατὰ θυμόν· ἔσσεται ἦμαρ ὅτʼ ἄν ποτʼ ὀλώλῃ Ἴλιος ἱρὴ καὶ Πρίαμος καὶ λαὸς ἐϋμμελίω Πριάμοιο		Matched predicted cluster 104 (exact-match)
039	Hom. Il. 6.447-449	171	Hector	Andromache	εὖ γὰρ ἐγὼ τόδε οἶδα κατὰ φρένα καὶ κατὰ θυμόν· ἔσσεται ἦμαρ ὅτʼ ἄν ποτʼ ὀλώλῃ Ἴλιος ἱρὴ καὶ Πρίαμος καὶ λαὸς ἐϋμμελίω Πριάμοιο		Matched predicted cluster 104 (exact-match)
040	Hom. Il. 5.130-132	117	Athena	Diomedes	μή τι σύ γʼ ἀθανάτοισι θεοῖς ἀντικρὺ μάχεσθαι τοῖς ἄλλοις· ἀτὰρ εἴ κε Διὸς θυγάτηρ Ἀφροδίτη ἔλθῃσʼ ἐς πόλεμον, τήν γʼ οὐτάμεν ὀξέϊ χαλκῷ.		Matched predicted cluster 402 (exact-match)
040	Hom. Il. 5.819-821	148	Diomedes	Athena	οὔ μʼ εἴας μακάρεσσι θεοῖς ἀντικρὺ μάχεσθαι τοῖς ἄλλοις· ἀτὰρ εἴ κε Διὸς θυγάτηρ Ἀφροδίτη ἔλθῃσʼ ἐς πόλεμον, τήν γʼ οὐτάμεν ὀξέϊ χαλκῷ.	Here Diomedes repeats to Athena what the goddess ordered him before! Interesting. Hapax?	Matched predicted cluster 402 (exact-match)
041	Hom. Il. 5.175-176	118	Aeneas	Pandarus	ὅς τις ὅδε κρατέει καὶ δὴ κακὰ πολλὰ ἔοργε Τρῶας, ἐπεὶ πολλῶν τε καὶ ἐσθλῶν γούνατʼ ἔλυσεν		Missed by evaluation, but it corresponds to predicted cluster 47 (spurious-match)
041	Hom. Il. 16.424-425	428	Sarpedon 	Lycians	ὅς τις ὅδε κρατέει καὶ δὴ κακὰ πολλὰ ἔοργε Τρῶας, ἐπεὶ πολλῶν τε καὶ ἐσθλῶν γούνατʼ ἔλυσεν.		Missed by evaluation, but it corresponds to predicted cluster 47 (spurious-match)
043	Hom. Il. 5.221-223	120	Aeneas	Pandarus	ἀλλʼ ἄγʼ ἐμῶν ὀχέων ἐπιβήσεο, ὄφρα ἴδηαι οἷοι Τρώϊοι ἵπποι ἐπιστάμενοι πεδίοιο κραιπνὰ μάλʼ ἔνθα καὶ ἔνθα διωκέμεν ἠδὲ φέβεσθαι		Matched predicted cluster 420 (exact-match)
043	Hom. Il. 8.105-107	210	Diomedes	Nestor	ἀλλʼ ἄγʼ ἐμῶν ὀχέων ἐπιβήσεο, ὄφρα ἴδηαι οἷοι Τρώϊοι ἵπποι ἐπιστάμενοι πεδίοιο κραιπνὰ μάλʼ ἔνθα καὶ ἔνθα διωκέμεν ἠδὲ φέβεσθαι		Matched predicted cluster 420 (exact-match)
044	Hom. Il. 5.373-374	129	Dione	Aphrodite	τίς νύ σε τοιάδʼ ἔρεξε φίλον τέκος Οὐρανιώνων μαψιδίως, ὡς εἴ τι κακὸν ῥέζουσαν ἐνωπῇ;		Matched predicted cluster 333 (exact-match)
044	Hom. Il. 21.509-510	574	Zeus	Leto	τίς νύ σε τοιάδʼ ἔρεξε φίλον τέκος Οὐρανιώνων μαψιδίως, ὡς εἴ τι κακὸν ῥέζουσαν ἐνωπῇ;		Matched predicted cluster 333 (exact-match)
045	Hom. Il. 5.458-459	135	Apollo	Ares	Κύπριδα μὲν πρῶτα σχεδὸν οὔτασε χεῖρʼ ἐπὶ καρπῷ, αὐτὰρ ἔπειτʼ αὐτῷ μοι ἐπέσσυτο δαίμονι ἶσος.		Matched predicted cluster 52 (exact-match)
045	Hom. Il. 5.883-884	150	Ares	Zeus	Κύπριδα μὲν πρῶτον σχεδὸν οὔτασε χεῖρʼ ἐπὶ καρπῷ, αὐτὰρ ἔπειτʼ αὐτῷ μοι ἐπέσσυτο δαίμονι ἶσος·		Matched predicted cluster 52 (exact-match)
046	Hom. Il. 5.529-532	138	Agamemnon	Greeks	ὦ φίλοι ἀνέρες ἔστε καὶ ἄλκιμον ἦτορ ἕλεσθε, ἀλλήλους τʼ αἰδεῖσθε κατὰ κρατερὰς ὑσμίνας· αἰδομένων ἀνδρῶν πλέονες σόοι ἠὲ πέφανται· φευγόντων δʼ οὔτʼ ἂρ κλέος ὄρνυται οὔτε τις ἀλκή.		Matched predicted cluster 51 (exact-match)
046	Hom. Il. 15.561-564	415	Ajax Telamonius	Greeks	ὦ φίλοι ἀνέρες ἔστε, καὶ αἰδῶ θέσθʼ ἐνὶ θυμῷ, ἀλλήλους τʼ αἰδεῖσθε κατὰ κρατερὰς ὑσμίνας. αἰδομένων δʼ ἀνδρῶν πλέονες σόοι ἠὲ πέφανται· φευγόντων δʼ οὔτʼ ἂρ κλέος ὄρνυται οὔτέ τις ἀλκή.		Matched predicted cluster 51 (exact-match)
050	Hom. Il. 5.652-654	141	Sarpedon 	Tlepolemus	 σοὶ δʼ ἐγὼ ἐνθάδε φημὶ φόνον καὶ κῆρα μέλαιναν ἐξ ἐμέθεν τεύξεσθαι, ἐμῷ δʼ ὑπὸ δουρὶ δαμέντα εὖχος ἐμοὶ δώσειν, ψυχὴν δʼ Ἄϊδι κλυτοπώλῳ.		Matched predicted cluster 123 (exact-match)
050	Hom. Il. 11.443-445	305	Odysseus	Socus	σοὶ δʼ ἐγὼ ἐνθάδε φημὶ φόνον καὶ κῆρα μέλαιναν ἤματι τῷδʼ ἔσσεσθαι, ἐμῷ δʼ ὑπὸ δουρὶ δαμέντα εὖχος ἐμοὶ δώσειν, ψυχὴν δʼ Ἄϊδι κλυτοπώλῳ.		Matched predicted cluster 123 (exact-match)
051	Hom. Il. 6.46-50	152	Adrestus	Menelaus	ζώγρει Ἀτρέος υἱέ, σὺ δʼ ἄξια δέξαι ἄποινα· πολλὰ δʼ ἐν ἀφνειοῦ πατρὸς κειμήλια κεῖται χαλκός τε χρυσός τε πολύκμητός τε σίδηρος, τῶν κέν τοι χαρίσαιτο πατὴρ ἀπερείσιʼ ἄποινα εἴ κεν ἐμὲ ζωὸν πεπύθοιτʼ ἐπὶ νηυσὶν Ἀχαιῶν.		Matched predicted cluster 11 (exact-match)
051	Hom. Il. 11.131-135	291	Peisander/Hippolochus	Agamemnon	ζώγρει Ἀτρέος υἱέ, σὺ δʼ ἄξια δέξαι ἄποινα· πολλὰ δʼ ἐν Ἀντιμάχοιο δόμοις κειμήλια κεῖται χαλκός τε χρυσός τε πολύκμητός τε σίδηρος, τῶν κέν τοι χαρίσαιτο πατὴρ ἀπερείσιʼ ἄποινα, εἰ νῶϊ ζωοὺς πεπύθοιτʼ ἐπὶ νηυσὶν Ἀχαιῶν.		Matched predicted cluster 11 (exact-match)
051	Hom. Il. 10.378-381	277	Dolon	Diomedes/Odysseus	ζωγρεῖτʼ, αὐτὰρ ἐγὼν ἐμὲ λύσομαι· ἔστι γὰρ ἔνδον χαλκός τε χρυσός τε πολύκμητός τε σίδηρος, τῶν κʼ ὔμμιν χαρίσαιτο πατὴρ ἀπερείσιʼ ἄποινα εἴ κεν ἐμὲ ζωὸν πεπύθοιτʼ ἐπὶ νηυσὶν Ἀχαιῶν.		Matched predicted cluster 11 (exact-match)
052	Hom. Il. 6.378-380	168	Hector	female servant	ἠέ πῃ ἐς γαλόων ἢ εἰνατέρων ἐϋπέπλων ἢ ἐς Ἀθηναίης ἐξοίχεται, ἔνθά περ ἄλλαι Τρῳαὶ ἐϋπλόκαμοι δεινὴν θεὸν ἱλάσκονται;		Matched predicted cluster 288 (exact-match)
052	Hom. Il. 6.383-385	169	female servant	Hector	οὔτέ πῃ ἐς γαλόων οὔτʼ εἰνατέρων ἐϋπέπλων οὔτʼ ἐς Ἀθηναίης ἐξοίχεται, ἔνθά περ ἄλλαι Τρῳαὶ ἐϋπλόκαμοι δεινὴν θεὸν ἱλάσκονται,		Matched predicted cluster 288 (exact-match)
053	Hom. Il. 7.79-80	182	Hector	Greeks/Trojans	σῶμα δὲ οἴκαδʼ ἐμὸν δόμεναι πάλιν, ὄφρα πυρός με Τρῶες καὶ Τρώων ἄλοχοι λελάχωσι θανόντα		Matched predicted cluster 500 (exact-match)
053	Hom. Il. 22.342-343	597	Hector	Achilles	σῶμα δὲ οἴκαδʼ ἐμὸν δόμεναι πάλιν, ὄφρα πυρός με Τρῶες καὶ Τρώων ἄλοχοι λελάχωσι θανόντα.		Matched predicted cluster 500 (exact-match)
054	Hom. Il. 8.32-37	207	Athena	Zeus	εὖ νυ καὶ ἡμεῖς ἴδμεν ὅ τοι σθένος οὐκ ἐπιεικτόν· ἀλλʼ ἔμπης Δαναῶν ὀλοφυρόμεθʼ αἰχμητάων, οἵ κεν δὴ κακὸν οἶτον ἀναπλήσαντες ὄλωνται. ἀλλʼ ἤτοι πολέμου μὲν ἀφεξόμεθʼ ὡς σὺ κελεύεις· βουλὴν δʼ Ἀργείοις ὑποθησόμεθʼ ἥ τις ὀνήσει, ὡς μὴ πάντες ὄλωνται ὀδυσσαμένοιο τεοῖο.		Matched predicted cluster 0 (exact-match)
054	Hom. Il. 8.463-468	229	Hera	Zeus	εὖ νυ καὶ ἡμεῖς ἴδμεν ὅ τοι σθένος οὐκ ἀλαπαδνόν· ἀλλʼ ἔμπης Δαναῶν ὀλοφυρόμεθʼ αἰχμητάων, οἵ κεν δὴ κακὸν οἶτον ἀναπλήσαντες ὄλωνται. ἀλλʼ ἤτοι πολέμου μὲν ἀφεξόμεθʼ, εἰ σὺ κελεύεις· βουλὴν δʼ Ἀργείοις ὑποθησόμεθʼ ἥ τις ὀνήσει, ὡς μὴ πάντες ὄλωνται ὀδυσσαμένοιο τεοῖο.		Matched predicted cluster 0 (exact-match)
055	Hom. Il. 8.39-40	208	Zeus	Athena	θάρσει Τριτογένεια φίλον τέκος· οὔ νύ τι θυμῷ πρόφρονι μυθέομαι, ἐθέλω δέ τοι ἤπιος εἶναι.		Matched predicted cluster 332 (exact-match)
055	Hom. Il. 22.183-184	587	Zeus	Athena	θάρσει Τριτογένεια φίλον τέκος· οὔ νύ τι θυμῷ πρόφρονι μυθέομαι, ἐθέλω δέ τοι ἤπιος εἶναι· ἔρξον ὅπῃ δή τοι νόος ἔπλετο, μὴ δʼ ἔτʼ ἐρώει.		Matched predicted cluster 332 (exact-match)
056	Hom. Il. 8.173-174	216	Hector	Trojans	Τρῶες καὶ Λύκιοι καὶ Δάρδανοι ἀγχιμαχηταὶ ἀνέρες ἔστε φίλοι, μνήσασθε δὲ θούριδος ἀλκῆς		Matched predicted cluster 296 (exact-match)
056	Hom. Il. 11.286-287	296	Hector	Trojans	Τρῶες καὶ Λύκιοι καὶ Δάρδανοι ἀγχιμαχηταὶ ἀνέρες ἔστε φίλοι, μνήσασθε δὲ θούριδος ἀλκῆς		Matched predicted cluster 296 (exact-match)
056	Hom. Il. 15.486-487	412	Hector	Trojans	Τρῶες καὶ Λύκιοι καὶ Δάρδανοι ἀγχιμαχηταὶ ἀνέρες ἔστε φίλοι, μνήσασθε δὲ θούριδος ἀλκῆς		Matched predicted cluster 296 (exact-match)
056	Hom. Il. 17.184-185	454	Hector	Trojans	Τρῶες καὶ Λύκιοι καὶ Δάρδανοι ἀγχιμαχηταί, ἀνέρες ἔστε φίλοι, μνήσασθε δὲ θούριδος ἀλκῆς		Matched predicted cluster 296 (exact-match)
057	Hom. Il.10.402-404	280	Odysseus	Dolon	ἵππων Αἰακίδαο δαΐφρονος· οἳ δʼ ἀλεγεινοὶ ἀνδράσι γε θνητοῖσι δαμήμεναι ἠδʼ ὀχέεσθαι ἄλλῳ γʼ ἢ Ἀχιλῆϊ, τὸν ἀθανάτη τέκε μήτηρ		Matched predicted cluster 566 (exact-match)
057	Hom. Il. 17.76-78	449	Apollo	Hector	ἵππους Αἰακίδαο δαΐφρονος· οἳ δʼ ἀλεγεινοὶ ἀνδράσι γε θνητοῖσι δαμήμεναι ἠδʼ ὀχέεσθαι ἄλλῳ γʼ ἢ Ἀχιλῆϊ, τὸν ἀθανάτη τέκε μήτηρ.		Matched predicted cluster 566 (exact-match)
058	Hom. Il. 11.362-367	300	Diomedes	Hector	ἐξ αὖ νῦν ἔφυγες θάνατον κύον· ἦ τέ τοι ἄγχι ἦλθε κακόν· νῦν αὖτέ σʼ ἐρύσατο Φοῖβος Ἀπόλλων ᾧ μέλλεις εὔχεσθαι ἰὼν ἐς δοῦπον ἀκόντων. ἦ θήν σʼ ἐξανύω γε καὶ ὕστερον ἀντιβολήσας, εἴ πού τις καὶ ἔμοιγε θεῶν ἐπιτάρροθός ἐστι. νῦν αὖ τοὺς ἄλλους ἐπιείσομαι, ὅν κε κιχείω.		Missed by evaluation, but it corresponds to predicted cluster 35 (exact-match)
058	Hom. Il. 20.449-454	547	Achilles	Hector	ἐξ αὖ νῦν ἔφυγες θάνατον κύον· ἦ τέ τοι ἄγχι ἦλθε κακόν· νῦν αὖτέ σʼ ἐρύσατο Φοῖβος Ἀπόλλων, ᾧ μέλλεις εὔχεσθαι ἰὼν ἐς δοῦπον ἀκόντων. ἦ θήν σʼ ἐξανύω γε καὶ ὕστερον ἀντιβολήσας, εἴ πού τις καὶ ἔμοιγε θεῶν ἐπιτάρροθός ἐστι. νῦν αὖ τοὺς ἄλλους ἐπιείσομαι, ὅν κε κιχείω.		Missed by evaluation, but it corresponds to predicted cluster 35 (exact-match)
059	Hom. Il. 11.792-793	314	Nestor	Patroclus	τίς δʼ οἶδʼ εἴ κέν οἱ σὺν δαίμονι θυμὸν ὀρίναις παρειπών; ἀγαθὴ δὲ παραίφασίς ἐστιν ἑταίρου.		Matched predicted cluster 9 (exact-match)
059	Hom. Il. 15.403-404	407	Patroclus	Eurypylus	ίς δʼ οἶδʼ εἴ κέν οἱ σὺν δαίμονι θυμὸν ὀρίνω παρειπών; ἀγαθὴ δὲ παραίφασίς ἐστιν ἑταίρου.		Matched predicted cluster 9 (exact-match)
060	Hom. Il. 11.612	312	Achilles	Patroclus	ὅν τινα τοῦτον ἄγει βεβλημένον ἐκ πολέμοιο	Not in de Jong's list. Smallest repeated speech we consider ? 4 hexametric feet	
060	Hom. Il. 11.650	173	Patroclus	Nestor	ὅν τινα τοῦτον ἄγεις βεβλημένον· ἀλλὰ καὶ αὐτὸς		
061	Hom. Il. 11.800-801	314	Nestor	Patroclus	Τρῶες, ἀναπνεύσωσι δʼ ἀρήϊοι υἷες Ἀχαιῶν τειρόμενοι· ὀλίγη δέ τʼ ἀνάπνευσις πολέμοιο		Matched predicted cluster 7 (exact-match)
061	Hom. Il. 16.42-43	421	Patroclus	Achilles	Τρῶες, ἀναπνεύσωσι δʼ Ἀρήϊοι υἷες Ἀχαιῶν τειρόμενοι· ὀλίγη δέ τʼ ἀνάπνευσις πολέμοιο		Matched predicted cluster 7 (exact-match)
061	Hom. Il. 18.200-201	493	Iris	Achilles	Τρῶες, ἀναπνεύσωσι δʼ ἀρήϊοι υἷες Ἀχαιῶν τειρόμενοι· ὀλίγη δέ τʼ ἀνάπνευσις πολέμοιο.	Nice exemple of non intentional repetition	Matched predicted cluster 7 (exact-match)
062	Hom. Il. 14.195-196	367	Aprodite	Hera	αὔδα ὅ τι φρονέεις· τελέσαι δέ με θυμὸς ἄνωγεν, εἰ δύναμαι τελέσαι γε καὶ εἰ τετελεσμένον ἐστίν		
062	Hom. Il. 18.426-427	502	Hephaestus	Thetis	αὔδα ὅ τι φρονέεις· τελέσαι δέ με θυμὸς ἄνωγεν, εἰ δύναμαι τελέσαι γε καὶ εἰ τετελεσμένον ἐστίν		
063	Hom. Il. 14.200-207	368	Hera	Aphrodite	εἶμι γὰρ ὀψομένη πολυφόρβου πείρατα γαίης, Ὠκεανόν τε θεῶν γένεσιν καὶ μητέρα Τηθύν, οἵ μʼ ἐν σφοῖσι δόμοισιν ἐῢ τρέφον ἠδʼ ἀτίταλλον δεξάμενοι Ῥείας, ὅτε τε Κρόνον εὐρύοπα Ζεὺς γαίης νέρθε καθεῖσε καὶ ἀτρυγέτοιο θαλάσσης· τοὺς εἶμʼ ὀψομένη, καί σφʼ ἄκριτα νείκεα λύσω· ἤδη γὰρ δηρὸν χρόνον ἀλλήλων ἀπέχονται εὐνῆς καὶ φιλότητος, ἐπεὶ χόλος ἔμπεσε θυμῷ		Matched predicted cluster 74 (exact-match)
063	Hom. Il. 14.301-306	376	Hera	Zeus	ἔρχομαι ὀψομένη πολυφόρβου πείρατα γαίης, Ὠκεανόν τε θεῶν γένεσιν καὶ μητέρα Τηθύν, οἵ με σφοῖσι δόμοισιν ἐῢ τρέφον ἠδʼ ἀτίταλλον· τοὺς εἶμʼ ὀψομένη, καί σφʼ ἄκριτα νείκεα λύσω· ἤδη γὰρ δηρὸν χρόνον ἀλλήλων ἀπέχονται εὐνῆς καὶ φιλότητος, ἐπεὶ χόλος ἔμπεσε θυμῷ		Matched predicted cluster 74 (exact-match)
064	Hom. Il. 16.441-443	430	Hera	Zeus	ἄνδρα θνητὸν ἐόντα πάλαι πεπρωμένον αἴσῃ ἂψ ἐθέλεις θανάτοιο δυσηχέος ἐξαναλῦσαι; ἔρδʼ· ἀτὰρ οὔ τοι πάντες ἐπαινέομεν θεοὶ ἄλλοι.		Matched predicted cluster 470 (spurious-match)
064	Hom. Il. 22.179-181	586	Athena	Zeus	ἄνδρα θνητὸν ἐόντα πάλαι πεπρωμένον αἴσῃ ἂψ ἐθέλεις θανάτοιο δυσηχέος ἐξαναλῦσαι; ἔρδʼ· ἀτὰρ οὔ τοι πάντες ἐπαινέομεν θεοὶ ἄλλοι.		Matched predicted cluster 470 (spurious-match)
065	Hom. Il. 17.30-32	448	Menelaus	Euphorbus	στήῃς· ἀλλά σʼ ἔγωγʼ ἀναχωρήσαντα κελεύω ἐς πληθὺν ἰέναι, μηδʼ ἀντίος ἵστασʼ ἐμεῖο πρίν τι κακὸν παθέειν· ῥεχθὲν δέ τε νήπιος ἔγνω.		Matched predicted cluster 160 (exact-match)
065	Hom. Il. 20.196-198	534	Achilles	Aeneas	βάλλεαι· ἀλλά σʼ ἔγωγʼ ἀναχωρήσαντα κελεύω ἐς πληθὺν ἰέναι, μηδʼ ἀντίος ἵστασʼ ἐμεῖο, πρίν τι κακὸν παθέειν· ῥεχθὲν δέ τε νήπιος ἔγνω.		Matched predicted cluster 160 (exact-match)
066	Hom. Il. 18.56-62	482	Thetis	Nereids	ἔξοχον ἡρώων· ὃ δʼ ἀνέδραμεν ἔρνεϊ ἶσος· τὸν μὲν ἐγὼ θρέψασα φυτὸν ὣς γουνῷ ἀλωῆς νηυσὶν ἐπιπροέηκα κορωνίσιν Ἴλιον εἴσω Τρωσὶ μαχησόμενον· τὸν δʼ οὐχ ὑποδέξομαι αὖτις οἴκαδε νοστήσαντα δόμον Πηλήϊον εἴσω. ὄφρα δέ μοι ζώει καὶ ὁρᾷ φάος ἠελίοιο ἄχνυται, οὐδέ τί οἱ δύναμαι χραισμῆσαι ἰοῦσα		Matched predicted cluster 153 (exact-match)
066	Hom. Il. 18.437-443	503	Thetis	Hephaestus	ἔξοχον ἡρώων· ὃ δʼ ἀνέδραμεν ἔρνεϊ ἶσος· τὸν μὲν ἐγὼ θρέψασα φυτὸν ὣς γουνῷ ἀλωῆς νηυσὶν ἐπιπροέηκα κορωνίσιν Ἴλιον εἴσω Τρωσὶ μαχησόμενον· τὸν δʼ οὐχ ὑποδέξομαι αὖτις οἴκαδε νοστήσαντα δόμον Πηλήϊον εἴσω. ὄφρα δέ μοι ζώει καὶ ὁρᾷ φάος ἠελίοιο ἄχνυται, οὐδέ τί οἱ δύναμαι χραισμῆσαι ἰοῦσα		Matched predicted cluster 153 (exact-match)
067	Hom. Il. 18.112-113	486	Achilles	Thetis	ἀλλὰ τὰ μὲν προτετύχθαι ἐάσομεν ἀχνύμενοί περ, θυμὸν ἐνὶ στήθεσσι φίλον δαμάσαντες ἀνάγκῃ		Matched predicted cluster 73 (exact-match)
067	Hom. Il. 19.65.66	508	Achilles	Agamemnon	ἀλλὰ τὰ μὲν προτετύχθαι ἐάσομεν ἀχνύμενοί περ θυμὸν ἐνὶ στήθεσσι φίλον δαμάσαντες ἀνάγκῃ		Matched predicted cluster 73 (exact-match)
068	Hom. Il. 18.385-386	499	Charis	Thetis	τίπτε Θέτι τανύπεπλε ἱκάνεις ἡμέτερον δῶ αἰδοίη τε φίλη τε; πάρος γε μὲν οὔ τι θαμίζεις		Matched predicted cluster 25 (exact-match)
068	Hom. Il. 18.424-425	502	Hephaestus	Thetis	τίπτε Θέτι τανύπεπλε ἱκάνεις ἡμέτερον δῶ αἰδοίη τε φίλη τε; πάρος γε μὲν οὔ τι θαμίζεις		Matched predicted cluster 25 (exact-match)
069	Hom. Il. 20.200-202	535	Aeneas	Achilles	Πηλεΐδη μὴ δὴ ἐπέεσσί με νηπύτιον ὣς ἔλπεο δειδίξεσθαι, ἐπεὶ σάφα οἶδα καὶ αὐτὸς ἠμὲν κερτομίας ἠδʼ αἴσυλα μυθήσασθαι.		Matched predicted cluster 498 (exact-match)
069	Hom. Il. 20.431-433	546	Hector	Achilles	Πηλεΐδη μὴ δὴ ἐπέεσσί με νηπύτιον ὣς ἔλπεο δειδίξεσθαι, ἐπεὶ σάφα οἶδα καὶ αὐτὸς ἠμὲν κερτομίας ἠδʼ αἴσυλα μυθήσασθαι.		Matched predicted cluster 498 (exact-match)
070	Hom. Il. 20.315-317	537	Hera	Poseidon	μή ποτʼ ἐπὶ Τρώεσσιν ἀλεξήσειν κακὸν ἦμαρ, μηδʼ ὁπότʼ ἂν Τροίη μαλερῷ πυρὶ πᾶσα δάηται καιομένη, καίωσι δʼ ἀρήϊοι υἷες Ἀχαιῶν.		Matched predicted cluster 404 (exact-match)
070	Hom. Il. 21.374-376	563	Scamander	Hera	μή ποτʼ ἐπὶ Τρώεσσιν ἀλεξήσειν κακὸν ἦμαρ, μὴ δʼ ὁπότʼ ἂν Τροίη μαλερῷ πυρὶ πᾶσα δάηται καιομένη, καίωσι δʼ ἀρήϊοι υἷες Ἀχαιῶν.		Matched predicted cluster 404 (exact-match)
071	Hom. Il. 24.203-205	663	Hecabe	Priam	πῶς ἐθέλεις ἐπὶ νῆας Ἀχαιῶν ἐλθέμεν οἶος ἀνδρὸς ἐς ὀφθαλμοὺς ὅς τοι πολέας τε καὶ ἐσθλοὺς υἱέας ἐξενάριξε· σιδήρειόν νύ τοι ἦτορ		Matched predicted cluster 398 (exact-match)
071	Hom. Il. 24.519-521	683	Achilles	Priam	πῶς ἔτλης ἐπὶ νῆας Ἀχαιῶν ἐλθέμεν οἶος ἀνδρὸς ἐς ὀφθαλμοὺς ὅς τοι πολέας τε καὶ ἐσθλοὺς υἱέας ἐξενάριξα; σιδήρειόν νύ τοι ἦτορ		Matched predicted cluster 398 (exact-match)